0.017671,0.000000,0.773594,0.017551,0.016198,0.006641,0.999693,-0.212063,0.051760,-0.048583,0.539428,-0.222586,-0.129878,0.050730,-0.065821,-0.292490,0.185445,-0.307191,0.041495,-0.082436,-0.020761,0.168741,-0.063850,0.320458,-0.674804,1.008520,0.109113,0.041267,0.147532,0.023312,-0.324503,0.616071,0.962202,-0.178613,0.069599,-0.119809
0.019410,-0.002758,0.772982,0.017218,0.020002,0.009863,0.999603,-0.255907,0.053874,-0.049050,0.610823,-0.218742,-0.137080,0.048413,-0.061433,-0.301647,0.181840,-0.311056,0.041227,-0.078063,-0.015148,0.172601,-0.068702,0.322609,-0.658009,0.997126,0.113638,0.042913,0.149311,0.019187,-0.331205,0.609994,0.951643,-0.175025,0.072011,-0.120817
0.022393,-0.005193,0.771899,0.016512,0.022154,0.013743,0.999524,-0.306775,0.055273,-0.052018,0.700392,-0.210005,-0.146519,0.048159,-0.056868,-0.309592,0.182752,-0.317997,0.038432,-0.073963,-0.008569,0.180945,-0.074231,0.323170,-0.639925,0.987928,0.118543,0.042726,0.153993,0.012187,-0.339588,0.607598,0.937442,-0.163454,0.071562,-0.124238
0.026191,-0.007286,0.770749,0.016375,0.022848,0.017819,0.999446,-0.358111,0.058203,-0.047742,0.793714,-0.196682,-0.147717,0.053717,-0.054563,-0.318502,0.184235,-0.325779,0.035978,-0.070476,-0.003496,0.191049,-0.074343,0.321204,-0.623022,0.985421,0.124195,0.040563,0.160606,0.002939,-0.348385,0.610298,0.925036,-0.152782,0.068971,-0.128188
0.032233,-0.008820,0.769760,0.017235,0.022733,0.021340,0.999365,-0.402217,0.062871,-0.036019,0.869260,-0.203357,-0.136556,0.063983,-0.054858,-0.326449,0.185226,-0.334085,0.036206,-0.066082,-0.001053,0.198871,-0.072158,0.317246,-0.608862,0.985813,0.129883,0.042337,0.163678,-0.010567,-0.355804,0.611996,0.912376,-0.146899,0.068733,-0.132122
0.039867,-0.010039,0.768996,0.019641,0.023068,0.024628,0.999237,-0.437610,0.055497,-0.033305,0.902306,-0.211261,-0.121731,0.076851,-0.058198,-0.333050,0.183139,-0.341497,0.036765,-0.061358,-0.002021,0.202545,-0.063838,0.313624,-0.598321,0.987067,0.133776,0.043506,0.161596,-0.027861,-0.360009,0.606038,0.898460,-0.145673,0.069949,-0.136126
0.049005,-0.010891,0.768338,0.022754,0.023994,0.027496,0.999075,-0.462185,0.032625,-0.046384,0.885342,-0.207773,-0.114280,0.089954,-0.062952,-0.338165,0.178564,-0.348386,0.038045,-0.055617,-0.005058,0.203361,-0.051861,0.313279,-0.590746,0.985247,0.136908,0.042985,0.156778,-0.049545,-0.359843,0.592905,0.881252,-0.142147,0.071215,-0.143168
0.059039,-0.011256,0.767298,0.024856,0.025433,0.029154,0.998942,-0.479180,0.008074,-0.064643,0.829112,-0.192772,-0.112272,0.103439,-0.065849,-0.340764,0.172388,-0.355154,0.040852,-0.047111,-0.006471,0.203333,-0.037024,0.316714,-0.584464,0.979109,0.136115,0.040474,0.153329,-0.076398,-0.357154,0.574491,0.857094,-0.132477,0.070371,-0.153211
0.070191,-0.010593,0.765958,0.026368,0.027398,0.029468,0.998842,-0.488923,-0.009877,-0.075025,0.740954,-0.166314,-0.111031,0.117470,-0.068147,-0.339295,0.166025,-0.362682,0.045558,-0.036660,-0.007926,0.204008,-0.021221,0.322459,-0.577832,0.973720,0.131763,0.036867,0.151452,-0.109342,-0.353917,0.553837,0.825859,-0.117831,0.066509,-0.165164
0.082865,-0.009585,0.764360,0.027857,0.030058,0.027906,0.998770,-0.490525,-0.017895,-0.069568,0.628787,-0.128402,-0.108950,0.132166,-0.071262,-0.333304,0.159080,-0.370852,0.052643,-0.024790,-0.011200,0.205685,-0.007352,0.329113,-0.572426,0.974243,0.126366,0.034264,0.150680,-0.148407,-0.351575,0.535939,0.790017,-0.106403,0.061115,-0.177572
0.097044,-0.007827,0.762486,0.029233,0.033360,0.024592,0.998713,-0.484389,-0.017907,-0.048504,0.505458,-0.087678,-0.107287,0.147513,-0.074955,-0.323298,0.151299,-0.378495,0.061092,-0.012027,-0.015753,0.208172,0.002231,0.336056,-0.570364,0.981425,0.120831,0.033709,0.149184,-0.191398,-0.350567,0.522865,0.751689,-0.103220,0.055740,-0.188914
0.112809,-0.005229,0.760391,0.030574,0.037384,0.019587,0.998641,-0.475214,-0.012656,-0.011364,0.391136,-0.051083,-0.102681,0.163043,-0.079321,-0.309558,0.143290,-0.384047,0.071644,0.001718,-0.021339,0.211331,0.006869,0.342958,-0.572445,0.993220,0.113782,0.034921,0.146940,-0.237879,-0.350252,0.516862,0.713823,-0.109275,0.051104,-0.197725
0.130327,-0.001783,0.758120,0.031635,0.041659,0.012805,0.998549,-0.469614,-0.005509,0.032739,0.310820,-0.032932,-0.094788,0.179104,-0.084416,-0.293256,0.135927,-0.385991,0.085088,0.016828,-0.027460,0.215116,0.006051,0.349145,-0.577086,1.008368,0.102763,0.037403,0.145670,-0.286048,-0.349340,0.518354,0.679863,-0.121269,0.046845,-0.203767
0.149330,0.002462,0.755730,0.032472,0.045788,0.004830,0.998412,-0.475393,-0.001334,0.069792,0.291928,-0.042680,-0.079811,0.195923,-0.092992,-0.278318,0.132285,-0.382975,0.103712,0.032127,-0.034362,0.219308,0.000780,0.353569,-0.583387,1.028242,0.091172,0.039944,0.145685,-0.332681,-0.346064,0.525822,0.654419,-0.137549,0.041736,-0.209241
0.169513,0.007313,0.753786,0.032504,0.048851,-0.003201,0.998272,-0.477081,0.001777,0.093181,0.317588,-0.047030,-0.082792,0.208690,-0.103225,-0.267458,0.139501,-0.374398,0.128999,0.044609,-0.040439,0.222662,-0.009364,0.355386,-0.590047,1.049335,0.078812,0.040107,0.144801,-0.370706,-0.338845,0.535038,0.638388,-0.155139,0.039669,-0.218330
0.191409,0.012941,0.753532,0.031563,0.050203,-0.009605,0.998194,-0.478071,0.004856,0.103735,0.379885,-0.065192,-0.084299,0.209554,-0.118193,-0.253390,0.185802,-0.366051,0.148351,0.051431,-0.045568,0.225891,-0.023308,0.354578,-0.602270,1.071618,0.078511,0.042348,0.139032,-0.395388,-0.326812,0.541346,0.630406,-0.162662,0.033747,-0.224909
0.214500,0.019035,0.754787,0.033261,0.050341,-0.013843,0.998082,-0.459436,-0.001038,0.112547,0.416261,-0.107994,-0.073877,0.185961,-0.147155,-0.235054,0.302560,-0.362652,0.159846,0.051680,-0.055528,0.229002,-0.038940,0.348718,-0.615132,1.094683,0.078200,0.047842,0.134571,-0.401542,-0.309908,0.544811,0.632764,-0.160943,0.026469,-0.237422
0.238712,0.025587,0.757931,0.038451,0.051133,-0.016768,0.997810,-0.414212,-0.019238,0.128851,0.400454,-0.133202,-0.062824,0.137350,-0.188385,-0.214840,0.464710,-0.331678,0.164170,0.046319,-0.072090,0.227390,-0.057799,0.339100,-0.626232,1.110569,0.080146,0.054636,0.130397,-0.389411,-0.290371,0.550536,0.641708,-0.154725,0.023221,-0.244054
0.263412,0.032129,0.761747,0.042435,0.051234,-0.018555,0.997612,-0.353722,-0.038450,0.141367,0.357453,-0.148343,-0.053596,0.070966,-0.228958,-0.198584,0.653728,-0.262236,0.159531,0.034435,-0.086286,0.224421,-0.077277,0.330761,-0.633366,1.109551,0.087453,0.058520,0.125894,-0.358646,-0.273484,0.564720,0.648987,-0.156087,0.026896,-0.233835
0.288569,0.038027,0.764715,0.044901,0.049738,-0.020221,0.997548,-0.287574,-0.056425,0.148860,0.307441,-0.162637,-0.045676,-0.008584,-0.277764,-0.199433,0.859619,-0.189036,0.134137,0.019825,-0.098191,0.222962,-0.103063,0.328444,-0.640740,1.090878,0.091434,0.054775,0.130666,-0.317646,-0.263892,0.588931,0.657905,-0.171778,0.030028,-0.216022
0.312926,0.043392,0.766248,0.046525,0.045772,-0.021421,0.997638,-0.221962,-0.071698,0.154551,0.267428,-0.179531,-0.037144,-0.095744,-0.332114,-0.206820,1.061969,-0.154936,0.071436,0.000946,-0.109128,0.227895,-0.130711,0.334216,-0.653852,1.061876,0.103084,0.047058,0.141081,-0.272812,-0.264635,0.615268,0.671988,-0.193924,0.029109,-0.200893
0.336127,0.048042,0.766828,0.047469,0.040304,-0.022712,0.997801,-0.156232,-0.084089,0.158535,0.232168,-0.196030,-0.029712,-0.179043,-0.343081,-0.173891,1.204679,-0.182212,0.054098,-0.020117,-0.118020,0.236515,-0.164643,0.345328,-0.672539,1.032504,0.113937,0.036949,0.152124,-0.224816,-0.274654,0.639905,0.693936,-0.206780,0.024262,-0.201393
0.363180,0.050957,0.767157,0.045284,0.034839,-0.024756,0.998059,-0.090965,-0.087104,0.160154,0.202622,-0.216508,-0.024907,-0.260926,-0.310733,-0.125313,1.279026,-0.221186,0.073948,-0.040565,-0.119379,0.244283,-0.203304,0.358770,-0.693400,1.004584,0.117253,0.030494,0.157826,-0.172756,-0.290613,0.650868,0.722941,-0.203552,0.018556,-0.208305
0.386715,0.053646,0.766659,0.041051,0.030327,-0.025607,0.998368,-0.031396,-0.084168,0.157727,0.184290,-0.243712,-0.022241,-0.338690,-0.271653,-0.098137,1.294231,-0.254288,0.091704,-0.063286,-0.115990,0.250154,-0.243176,0.373352,-0.712657,0.976060,0.113461,0.028520,0.156930,-0.118446,-0.307003,0.638152,0.759920,-0.182902,0.014252,-0.212778
0.411539,0.055287,0.765375,0.035679,0.028225,-0.025451,0.998640,0.022036,-0.077609,0.152936,0.168619,-0.271494,-0.021885,-0.411578,-0.239779,-0.095864,1.254130,-0.276926,0.097729,-0.087749,-0.109044,0.252778,-0.283321,0.389890,-0.728478,0.941102,0.106990,0.029603,0.149455,-0.064191,-0.320478,0.603853,0.804943,-0.146260,0.010195,-0.211657
0.437292,0.056101,0.763253,0.030201,0.029146,-0.024892,0.998809,0.069244,-0.069603,0.148593,0.150982,-0.295644,-0.022894,-0.477990,-0.212114,-0.106257,1.160634,-0.287308,0.098792,-0.113213,-0.099953,0.252028,-0.321171,0.409929,-0.740226,0.898238,0.105725,0.032980,0.139684,-0.013613,-0.330823,0.559939,0.856260,-0.103838,0.007522,-0.204012
0.464732,0.056115,0.760254,0.024986,0.033300,-0.023843,0.998848,0.106592,-0.060125,0.145249,0.137588,-0.319158,-0.025384,-0.533311,-0.182777,-0.117360,1.015865,-0.278250,0.100648,-0.139071,-0.089812,0.247762,-0.355143,0.433298,-0.746222,0.851010,0.114946,0.037223,0.133551,0.029915,-0.339763,0.522307,0.911161,-0.066164,0.007477,-0.193677
0.494117,0.055103,0.756501,0.020115,0.039977,-0.021939,0.998757,0.135561,-0.049589,0.139772,0.131346,-0.342823,-0.029687,-0.569091,-0.149207,-0.120149,0.819538,-0.235207,0.106889,-0.163752,-0.079382,0.239892,-0.384047,0.457566,-0.747352,0.802270,0.131515,0.040798,0.132659,0.067070,-0.348720,0.499800,0.960058,-0.045188,0.011125,-0.183178
0.525100,0.052980,0.752360,0.015471,0.047374,-0.018304,0.998590,0.164104,-0.038696,0.128597,0.129628,-0.361968,-0.036863,-0.579066,-0.118239,-0.120110,0.585865,-0.172585,0.110484,-0.185439,-0.068545,0.229312,-0.404512,0.481010,-0.747072,0.756299,0.148536,0.042190,0.135774,0.103273,-0.357152,0.488811,0.990852,-0.042483,0.016536,-0.172961
0.557468,0.050021,0.748316,0.013232,0.053741,-0.011473,0.998401,0.193804,-0.032313,0.111886,0.130758,-0.369427,-0.046495,-0.575694,-0.105639,-0.130492,0.389275,-0.133334,0.098005,-0.205030,-0.060896,0.218135,-0.413074,0.501786,-0.749074,0.715911,0.160658,0.042629,0.145526,0.138123,-0.362681,0.479916,1.005202,-0.049493,0.021149,-0.164657
0.591593,0.046846,0.745131,0.013170,0.057991,-0.001650,0.998229,0.227635,-0.026340,0.095880,0.138036,-0.358144,-0.046799,-0.592177,-0.118881,-0.155803,0.366476,-0.145340,0.064019,-0.224623,-0.058388,0.209202,-0.411626,0.513971,-0.750818,0.683943,0.163947,0.043806,0.155213,0.167560,-0.363648,0.473466,1.011788,-0.057798,0.024074,-0.160219
0.628659,0.043158,0.743550,0.008075,0.062667,0.005445,0.997987,0.240636,-0.005397,0.083868,0.192788,-0.341587,-0.044123,-0.612951,-0.121831,-0.170754,0.462404,-0.132642,0.026096,-0.237846,-0.044196,0.198927,-0.390538,0.516730,-0.748998,0.668671,0.166465,0.037089,0.165676,0.186065,-0.360216,0.473474,1.011767,-0.060999,0.022379,-0.158617
0.669115,0.038802,0.743632,-0.000694,0.063167,0.011501,0.997936,0.217929,0.031466,0.079060,0.349972,-0.319315,-0.035301,-0.596486,-0.115252,-0.189658,0.560549,-0.158507,-0.002166,-0.239685,-0.023775,0.196239,-0.352384,0.510902,-0.748923,0.673880,0.160374,0.030270,0.175786,0.192519,-0.356531,0.479296,1.003279,-0.055703,0.022832,-0.160427
0.710051,0.033882,0.744637,-0.010017,0.061626,0.016178,0.997918,0.153646,0.073606,0.080174,0.587116,-0.254956,-0.012709,-0.554080,-0.097812,-0.207052,0.617595,-0.229791,-0.026750,-0.235746,-0.001692,0.196988,-0.296338,0.498374,-0.755230,0.702973,0.154583,0.022915,0.188446,0.184117,-0.353455,0.492128,0.994189,-0.047310,0.023804,-0.162488
0.749675,0.029370,0.746777,-0.019397,0.059064,0.019447,0.997876,0.052740,0.123978,0.081704,0.870006,-0.139216,0.012519,-0.485683,-0.071921,-0.222810,0.619334,-0.287841,-0.032212,-0.220398,0.022178,0.203136,-0.242743,0.478690,-0.762142,0.746632,0.159828,0.019380,0.193043,0.162817,-0.351689,0.512330,0.982925,-0.042534,0.026376,-0.168015
0.787889,0.025281,0.748497,-0.029313,0.056207,0.022350,0.997738,-0.070265,0.175307,0.068984,1.136683,-0.028435,0.033768,-0.401029,-0.039666,-0.241338,0.588298,-0.328986,-0.031453,-0.197974,0.048517,0.212893,-0.193414,0.455833,-0.769165,0.796971,0.169080,0.018123,0.191585,0.125478,-0.352246,0.543220,0.965939,-0.039119,0.027127,-0.182418
0.826558,0.022003,0.750010,-0.034884,0.051686,0.024512,0.997753,-0.177481,0.172289,0.031108,1.311568,-0.050440,-0.004748,-0.303898,-0.014140,-0.253181,0.543406,-0.361656,-0.028379,-0.168468,0.065026,0.220487,-0.137450,0.434896,-0.767003,0.844763,0.176861,0.013770,0.196934,0.071131,-0.353990,0.580169,0.945882,-0.049008,0.027383,-0.206636
0.867169,0.019438,0.751340,-0.034044,0.046865,0.026363,0.997973,-0.282457,0.142469,0.003997,1.410462,-0.112219,-0.039367,-0.202572,-0.000208,-0.254692,0.489748,-0.389926,-0.018748,-0.132331,0.068420,0.226818,-0.078011,0.416588,-0.751557,0.885652,0.174091,0.005244,0.207458,0.005464,-0.354175,0.611343,0.921325,-0.071563,0.029558,-0.232611
0.909838,0.017402,0.750649,-0.031675,0.043471,0.027468,0.998175,-0.393924,0.125060,-0.002395,1.449053,-0.179840,-0.049960,-0.105815,0.009600,-0.253542,0.431701,-0.412833,-0.006569,-0.090180,0.068325,0.233337,-0.014369,0.406129,-0.724981,0.911865,0.160472,-0.004534,0.218215,-0.067851,-0.354941,0.628161,0.884129,-0.093155,0.031737,-0.252329
0.951455,0.015864,0.747266,-0.029829,0.041960,0.026742,0.998316,-0.509796,0.129146,0.012400,1.427894,-0.242234,-0.037517,-0.014721,0.018411,-0.251381,0.370980,-0.431540,0.007313,-0.043671,0.068493,0.240818,0.054290,0.405675,-0.688275,0.922151,0.141447,-0.014244,0.229411,-0.152741,-0.360462,0.629533,0.832597,-0.106500,0.029774,-0.266056
0.991365,0.015175,0.741285,-0.029174,0.042484,0.022758,0.998412,-0.618307,0.148054,0.044301,1.347615,-0.289296,-0.013837,0.071296,0.027602,-0.246034,0.307078,-0.444734,0.022987,0.004232,0.069841,0.247586,0.124951,0.412127,-0.645417,0.922428,0.118805,-0.022831,0.239603,-0.251298,-0.373659,0.621347,0.776659,-0.110184,0.023091,-0.275616
1.030580,0.015614,0.733484,-0.027755,0.046113,0.014431,0.998446,-0.708225,0.175201,0.096979,1.202981,-0.322107,0.009120,0.152882,0.031950,-0.230703,0.239161,-0.448303,0.043586,0.052225,0.068748,0.249751,0.194917,0.420708,-0.601432,0.915397,0.096201,-0.028275,0.244817,-0.365179,-0.394634,0.611888,0.728612,-0.109116,0.010237,-0.284765
1.069264,0.017144,0.725026,-0.022689,0.055401,0.002956,0.998202,-0.772032,0.195697,0.171424,0.994053,-0.328829,0.027085,0.217740,0.021869,-0.208452,0.178234,-0.441762,0.073413,0.095027,0.059312,0.242822,0.257210,0.429139,-0.560998,0.899490,0.082986,-0.029391,0.241935,-0.493613,-0.416445,0.611328,0.698186,-0.107203,-0.000116,-0.297546
1.109722,0.019700,0.718141,-0.013243,0.068889,-0.009064,0.997495,-0.797452,0.184549,0.246278,0.763296,-0.305484,0.036549,0.258996,-0.008255,-0.181725,0.159156,-0.433504,0.100618,0.131043,0.039447,0.228064,0.299353,0.436914,-0.524409,0.876849,0.081736,-0.026321,0.237593,-0.613280,-0.435367,0.628904,0.678284,-0.102824,-0.007113,-0.312601
1.155389,0.023518,0.715153,-0.001353,0.080174,-0.018308,0.996612,-0.789820,0.151294,0.299354,0.618580,-0.284149,0.035190,0.285875,-0.050244,-0.155873,0.193023,-0.402853,0.124668,0.157169,0.009836,0.213153,0.318136,0.443041,-0.488642,0.853040,0.078663,-0.026504,0.237625,-0.696852,-0.452101,0.653262,0.655398,-0.096232,-0.016402,-0.327318
1.209825,0.028079,0.717413,0.009707,0.087692,-0.018238,0.995933,-0.773321,0.118353,0.319221,0.629374,-0.290655,0.056861,0.274394,-0.092524,-0.144238,0.335594,-0.320993,0.138169,0.165486,-0.023989,0.196632,0.312474,0.450116,-0.445972,0.827040,0.077440,-0.031312,0.253207,-0.734526,-0.469298,0.680876,0.621309,-0.098147,-0.028815,-0.346012
1.269191,0.032253,0.722348,0.015269,0.088753,-0.007252,0.995910,-0.723936,0.100275,0.320551,0.694243,-0.288010,0.062989,0.237242,-0.128729,-0.168412,0.552057,-0.179326,0.121550,0.153470,-0.049989,0.181295,0.272247,0.460532,-0.399102,0.798790,0.068136,-0.037669,0.292286,-0.714812,-0.491370,0.705880,0.575162,-0.122186,-0.036596,-0.354496
1.330844,0.035877,0.728221,0.019360,0.081107,0.012620,0.996437,-0.644545,0.076735,0.313737,0.746236,-0.320812,0.061811,0.152629,-0.176475,-0.198932,0.859643,-0.054986,0.047620,0.124938,-0.075322,0.186761,0.202009,0.473374,-0.354233,0.747972,0.092244,-0.040783,0.337874,-0.666543,-0.523406,0.727379,0.530730,-0.162538,-0.031680,-0.352341
1.389751,0.038816,0.729077,0.029477,0.068154,0.033882,0.996664,-0.545063,0.031543,0.302516,0.778219,-0.407418,0.048994,0.026604,-0.236521,-0.195111,1.187695,-0.100078,-0.025517,0.084058,-0.113846,0.208889,0.111715,0.490161,-0.327617,0.667863,0.134555,-0.036692,0.381131,-0.595266,-0.568778,0.743897,0.479917,-0.217396,-0.017131,-0.354411
1.445668,0.041486,0.726478,0.047792,0.057768,0.052239,0.995816,-0.434123,-0.032726,0.293494,0.769907,-0.480869,0.034276,-0.148908,-0.264887,-0.135104,1.439066,-0.241996,-0.028320,0.037420,-0.172537,0.242110,-0.024317,0.513381,-0.310295,0.570472,0.190566,-0.031521,0.404162,-0.519783,-0.635747,0.754939,0.426166,-0.267335,-0.007979,-0.370691
1.499573,0.043914,0.722193,0.048464,0.046068,0.065024,0.995641,-0.330514,-0.047347,0.263722,0.788354,-0.567263,0.012144,-0.355683,-0.261246,-0.109238,1.574937,-0.345930,-0.053898,-0.003732,-0.195492,0.285587,-0.211450,0.527492,-0.300142,0.495268,0.249790,-0.031788,0.409653,-0.416722,-0.719664,0.743274,0.375781,-0.297577,-0.003782,-0.393937
1.553094,0.046410,0.715314,0.042732,0.035259,0.079037,0.995331,-0.233042,-0.038145,0.228247,0.816396,-0.642618,-0.010198,-0.561434,-0.267410,-0.123857,1.572420,-0.401982,-0.079367,-0.050976,-0.203629,0.330298,-0.431737,0.525166,-0.305736,0.461494,0.291926,-0.035525,0.404424,-0.277552,-0.798267,0.698540,0.335215,-0.312660,-0.004940,-0.423520
1.610182,0.048630,0.704576,0.036444,0.027780,0.097615,0.994169,-0.139996,-0.019055,0.197932,0.839636,-0.693671,-0.035326,-0.728719,-0.282150,-0.165838,1.422298,-0.415660,-0.081429,-0.111945,-0.206202,0.365533,-0.659029,0.508231,-0.347437,0.464280,0.321221,-0.036600,0.394481,-0.100460,-0.853530,0.607852,0.291106,-0.319450,-0.020182,-0.452903
1.672459,0.051450,0.693696,0.026196,0.024920,0.118233,0.992327,-0.040113,0.016992,0.165819,0.843621,-0.722947,-0.063292,-0.826274,-0.292125,-0.226754,1.136640,-0.377698,-0.055486,-0.186646,-0.196251,0.380240,-0.871232,0.495574,-0.411325,0.489921,0.328269,-0.045919,0.383196,0.098158,-0.874266,0.482576,0.226578,-0.307812,-0.032957,-0.469659
1.741731,0.056052,0.682602,0.013011,0.025730,0.141129,0.989571,0.083326,0.064584,0.121946,0.810562,-0.724590,-0.098707,-0.864097,-0.270886,-0.254881,0.780221,-0.303538,-0.020997,-0.274416,-0.172746,0.374174,-1.058923,0.500922,-0.478575,0.527047,0.306324,-0.060373,0.386776,0.315193,-0.855959,0.330344,0.131008,-0.254688,-0.047514,-0.460432
1.815431,0.061789,0.671469,0.010611,0.029093,0.167873,0.985322,0.222581,0.093327,0.071172,0.724493,-0.660200,-0.127388,-0.873585,-0.265511,-0.238224,0.504765,-0.236630,0.048255,-0.371862,-0.166877,0.340779,-1.204014,0.527652,-0.544906,0.553994,0.271531,-0.069114,0.398397,0.517883,-0.801859,0.197102,0.024733,-0.194268,-0.071731,-0.449081
1.891345,0.066833,0.661988,0.004965,0.036599,0.184779,0.982086,0.351216,0.134637,0.033402,0.609506,-0.503561,-0.160420,-0.894388,-0.286614,-0.273973,0.489183,-0.234701,0.057419,-0.449732,-0.146174,0.282601,-1.290685,0.571347,-0.611742,0.562013,0.241632,-0.074960,0.425329,0.684672,-0.716866,0.116084,-0.073824,-0.144766,-0.104504,-0.456102
1.978901,0.074808,0.657755,-0.001000,0.049861,0.177882,0.982787,0.420110,0.173485,0.038309,0.599153,-0.191888,-0.191242,-0.955279,-0.306623,-0.287913,0.756404,-0.136076,0.005913,-0.462514,-0.109925,0.205725,-1.300162,0.646929,-0.679411,0.545046,0.230576,-0.122188,0.444998,0.774004,-0.617213,0.067669,-0.159184,-0.111454,-0.138493,-0.468150
2.061359,0.080689,0.664857,0.003946,0.012981,0.144236,0.989450,0.347556,0.180223,0.066594,1.068138,-0.078226,-0.163882,-0.897561,-0.254853,-0.259903,0.989652,-0.137470,-0.092017,-0.415093,-0.124084,0.236099,-1.247446,0.795198,-0.731636,0.529936,0.244551,-0.167427,0.452983,0.653205,-0.578768,0.071112,-0.199606,-0.169876,-0.152017,-0.490265
2.127315,0.085970,0.680638,0.014260,-0.043062,0.108953,0.993011,0.141022,0.230349,0.095192,1.723217,-0.279183,-0.006837,-0.693986,-0.203832,-0.265957,1.045245,-0.254994,-0.083458,-0.367473,-0.166173,0.337170,-1.144535,0.972934,-0.769547,0.583145,0.270093,-0.192525,0.553271,0.338102,-0.594800,0.128158,-0.201198,-0.272016,-0.138389,-0.502152
2.173192,0.089862,0.708539,0.025771,-0.077565,0.076891,0.993684,-0.153162,0.043979,0.041146,2.173909,-0.477606,-0.032077,-0.498725,-0.156276,-0.244573,0.971867,-0.301011,-0.043794,-0.302814,-0.218794,0.402669,-1.031678,1.143363,-0.757282,0.691443,0.331303,-0.202215,0.652104,-0.125729,-0.679396,0.212441,-0.156622,-0.344992,-0.126260,-0.478708
2.210708,0.091302,0.746681,0.037527,-0.110984,0.044002,0.992138,-0.547508,0.026873,0.078770,2.381489,-0.620590,-0.056083,-0.261668,-0.110093,-0.185639,0.815070,-0.285943,-0.008390,-0.207154,-0.277301,0.478960,-0.868294,1.266707,-0.645416,0.781603,0.354235,-0.189955,0.669620,-0.671402,-0.788712,0.340692,-0.031729,-0.323449,-0.147005,-0.453426
2.262170,0.092037,0.790112,0.061020,-0.129205,0.021053,0.989515,-0.949719,0.291812,0.174097,2.303969,-0.673424,0.087822,-0.048911,-0.142139,-0.193754,0.588444,-0.194099,0.015279,-0.118419,-0.341282,0.494850,-0.734053,1.272066,-0.485716,0.790313,0.404372,-0.129691,0.701703,-1.181221,-0.897774,0.535765,0.182912,-0.231685,-0.180592,-0.486486
2.320585,0.096715,0.839832,0.064998,-0.136614,0.005913,0.988472,-1.270929,0.359263,0.245709,2.111284,-0.676994,0.073655,0.110474,-0.170664,-0.281886,0.377925,0.192087,0.099362,-0.022383,-0.360562,0.496007,-0.665990,1.182956,-0.442002,0.775888,0.419141,-0.055189,0.664766,-1.610245,-0.948534,0.787195,0.483746,-0.084397,-0.194067,-0.532700
2.369508,0.102165,0.883417,0.048496,-0.138380,0.007503,0.989163,-1.528417,0.277293,0.258200,1.912031,-0.498612,0.016829,0.114520,-0.198785,-0.406514,0.460795,0.463633,0.252439,0.007649,-0.393505,0.510533,-0.583415,1.086331,-0.429001,0.810378,0.358803,-0.007719,0.624609,-1.716011,-0.955462,0.914678,0.643207,0.010380,-0.199251,-0.501932
2.411991,0.109655,0.922159,0.009931,-0.161603,0.006509,0.986784,-1.635623,0.256339,0.294326,1.711772,-0.282404,-0.033737,-0.078065,-0.123993,-0.273637,0.910388,0.478347,0.282403,-0.000077,-0.363851,0.536097,-0.519065,0.967466,-0.485208,0.946477,0.297210,0.007457,0.586011,-1.707945,-0.957085,1.104289,0.698242,0.076148,-0.162661,-0.405755
2.449779,0.124911,0.953153,-0.018877,-0.187504,0.002435,0.982080,-1.657072,0.275524,0.376599,1.551556,-0.124924,-0.039118,-0.305362,-0.100040,-0.157864,1.473225,0.271950,0.251752,-0.024357,-0.309359,0.536335,-0.477568,0.811037,-0.576725,1.101265,0.251119,0.023346,0.523262,-1.692823,-0.965637,1.360787,0.625344,0.084709,-0.106866,-0.257630
2.489615,0.141593,0.968808,-0.031552,-0.204970,-0.004058,0.978251,-1.674943,0.286359,0.396820,1.489292,-0.042870,-0.015168,-0.519960,-0.219963,-0.068150,1.974438,-0.073934,0.120253,-0.039712,-0.277438,0.531867,-0.434158,0.664201,-0.646592,1.221634,0.234071,0.046003,0.505553,-1.632158,-0.965817,1.536949,0.533301,0.029040,-0.093305,-0.182023
2.534733,0.153434,0.979116,-0.055402,-0.205855,-0.008345,0.976977,-1.702798,0.290358,0.365723,1.465456,0.022321,0.007350,-0.832300,-0.299530,0.073844,2.331497,-0.355859,-0.071627,-0.051312,-0.225380,0.522305,-0.419106,0.542513,-0.680458,1.305481,0.223269,0.056312,0.545047,-1.499041,-0.998374,1.589596,0.491290,-0.019071,-0.117239,-0.160689
2.588234,0.162468,0.988166,-0.092388,-0.194251,-0.012547,0.976511,-1.722827,0.252990,0.260355,1.472790,0.075403,0.002769,-1.227299,-0.328989,0.170164,2.475973,-0.508093,-0.202792,-0.047580,-0.150511,0.512012,-0.430108,0.461998,-0.698130,1.363535,0.217164,0.053733,0.597436,-1.277224,-1.090384,1.560766,0.496700,-0.058149,-0.141022,-0.142787
2.642849,0.168702,0.996553,-0.117773,-0.179274,-0.016470,0.976585,-1.701569,0.232670,0.171348,1.542097,0.056480,-0.021874,-1.551731,-0.291682,0.163489,2.352323,-0.501518,-0.178739,-0.039530,-0.098772,0.515726,-0.462402,0.424749,-0.695807,1.408639,0.199118,0.059165,0.652035,-1.054990,-1.186584,1.516582,0.530591,-0.100663,-0.152944,-0.125478
2.699949,0.171887,1.002754,-0.123529,-0.167662,-0.008196,0.978040,-1.628120,0.211759,0.116279,1.572328,-0.021615,-0.023069,-1.640718,-0.250158,0.123491,2.139902,-0.368390,-0.101105,-0.060334,-0.090791,0.523797,-0.460642,0.427750,-0.682937,1.424572,0.180882,0.058461,0.674809,-0.861578,-1.250654,1.461887,0.556528,-0.112033,-0.153625,-0.117869
2.760943,0.172650,1.006624,-0.115095,-0.157970,0.007944,0.980681,-1.518647,0.182938,0.083541,1.568182,-0.121542,-0.002208,-1.593329,-0.230919,0.085345,1.924486,-0.215601,-0.030516,-0.099061,-0.106260,0.529852,-0.442090,0.458218,-0.666423,1.417384,0.153081,0.044577,0.662539,-0.676884,-1.300842,1.395246,0.570719,-0.084489,-0.151190,-0.117404
2.815030,0.163531,1.005239,-0.096675,-0.149154,0.028636,0.983660,-1.399167,0.159584,0.085047,1.537284,-0.209717,0.046100,-1.457340,-0.217785,0.060001,1.696151,-0.059489,0.038641,-0.145450,-0.128815,0.530446,-0.405188,0.508550,-0.633397,1.397629,0.100620,0.018428,0.609481,-0.471669,-1.328156,1.297175,0.597601,-0.043934,-0.137767,-0.120590
2.875802,0.172150,1.001160,-0.082071,-0.141246,0.055372,0.985012,-1.336640,0.171297,0.129701,1.560512,-0.269132,0.056158,-1.296625,-0.218343,0.015382,1.458914,0.040643,0.082635,-0.201279,-0.130581,0.525498,-0.353371,0.573251,-0.587330,1.369112,0.060380,0.006088,0.557775,-0.201249,-1.370404,1.158037,0.623242,0.007273,-0.138761,-0.122085
2.930915,0.170164,0.989283,-0.063460,-0.133040,0.083088,0.985581,-1.276116,0.211199,0.202111,1.624352,-0.330679,0.057752,-1.095248,-0.240773,-0.034220,1.174224,0.161597,0.109959,-0.259579,-0.126297,0.514078,-0.294173,0.656108,-0.542523,1.331147,0.005075,0.001980,0.484388,0.140395,-1.356262,0.924499,0.682828,0.035069,-0.133692,-0.136517
2.987657,0.167233,0.970666,-0.041298,-0.127200,0.113819,0.984459,-1.213977,0.259556,0.277254,1.737751,-0.381960,0.066536,-0.845796,-0.248672,-0.060279,0.827319,0.299618,0.157479,-0.325497,-0.125989,0.486426,-0.212888,0.759126,-0.484928,1.280874,-0.049458,0.000275,0.406842,0.475708,-1.289838,0.639340,0.753137,0.066469,-0.129727,-0.165991
3.051274,0.164344,0.943846,-0.010355,-0.118037,0.151681,0.981302,-1.152757,0.279159,0.342026,1.855274,-0.416281,0.082198,-0.581847,-0.263403,-0.057380,0.457390,0.434700,0.206551,-0.396586,-0.146717,0.413722,-0.097456,0.884278,-0.413556,1.213159,-0.094234,-0.005677,0.342738,0.775788,-1.166497,0.340768,0.813257,0.111121,-0.132159,-0.229489
3.123401,0.162016,0.906168,0.031068,-0.097440,0.189097,0.976618,-1.107938,0.261276,0.391284,1.933704,-0.436272,0.098695,-0.394009,-0.296243,-0.048414,0.229829,0.519720,0.249315,-0.449708,-0.187102,0.294226,0.036892,1.034933,-0.322098,1.116756,-0.128284,-0.015334,0.315389,1.004226,-0.993592,0.088167,0.835980,0.146793,-0.140705,-0.324911
3.195914,0.161564,0.853859,0.068762,-0.072293,0.207468,0.973141,-1.082481,0.244764,0.409913,1.956390,-0.438975,0.109604,-0.311759,-0.332381,-0.067957,0.242572,0.513990,0.272301,-0.459928,-0.216330,0.204361,0.181113,1.201449,-0.188329,1.000912,-0.161555,-0.024923,0.317859,1.101944,-0.830265,-0.039599,0.858623,0.137533,-0.138857,-0.403482
3.261240,0.161402,0.795534,0.091807,-0.048638,0.208332,0.972524,-1.058054,0.210383,0.377854,1.900906,-0.445795,0.103294,-0.256871,-0.355329,-0.121978,0.386458,0.278235,0.232385,-0.416616,-0.217952,0.169517,0.322866,1.364803,-0.054610,0.893851,-0.187134,-0.010533,0.335645,1.086847,-0.699570,-0.045095,0.947337,0.101032,-0.131239,-0.428513
3.313580,0.162111,0.745491,0.080196,-0.027287,0.182365,0.979575,-1.081503,0.176474,0.276669,1.728734,-0.444940,0.040442,-0.388258,-0.304496,-0.103182,0.709618,-0.227825,0.079038,-0.335976,-0.151261,0.215326,0.485562,1.462724,0.072694,0.779553,-0.154775,0.009824,0.366197,0.982232,-0.620551,0.027236,1.047186,0.070374,-0.096873,-0.380402
3.366272,0.168899,0.712830,0.018258,-0.018837,0.122431,0.992130,-1.084487,0.229861,0.155380,1.443054,-0.322569,-0.104640,-0.466379,-0.113926,-0.102214,0.907688,-0.404369,-0.000136,-0.217507,0.027142,0.327690,0.687129,1.371507,0.195813,0.661034,-0.028346,0.054996,0.402437,0.756691,-0.652662,0.153101,1.163458,0.085991,-0.039015,-0.335190
3.415214,0.182025,0.704940,0.027472,-0.025777,0.070280,0.996816,-0.878757,0.252650,0.256565,1.014288,-0.244249,-0.107657,-0.440294,-0.072388,-0.021771,1.002090,-0.524998,-0.013966,-0.147597,0.064313,0.406662,0.663055,1.148568,0.050419,0.607575,0.005808,0.108002,0.334884,0.491960,-0.733185,0.216676,1.167878,0.194842,0.018305,-0.306969
3.464923,0.194290,0.706015,0.032609,-0.020641,0.029253,0.998827,-0.656679,0.229831,0.387799,0.471689,-0.152971,-0.135050,-0.377369,-0.044500,0.042881,0.997101,-0.607321,-0.026844,-0.111593,0.099789,0.451840,0.564638,0.907711,-0.163762,0.622522,0.020977,0.138440,0.210357,0.238096,-0.773600,0.215963,1.045800,0.374309,0.042791,-0.311335
3.516980,0.204358,0.706163,-0.005077,-0.010491,-0.018220,0.999766,-0.570497,0.265633,0.409002,0.136608,-0.109706,-0.185577,-0.290809,0.064781,0.085789,0.931647,-0.628565,-0.057489,-0.058174,0.199911,0.481947,0.495435,0.724833,-0.334854,0.645612,0.018950,0.145949,0.103464,0.034798,-0.750171,0.212033,0.826532,0.495124,0.025822,-0.360708
3.570990,0.211635,0.704437,-0.035009,-0.003429,-0.054414,0.997899,-0.603328,0.308094,0.349178,0.107021,-0.106439,-0.194745,-0.197179,0.138091,0.124292,0.873986,-0.629317,-0.062231,-0.006684,0.258421,0.496735,0.443974,0.604447,-0.464940,0.625430,0.027072,0.144934,0.041106,-0.119191,-0.697914,0.275815,0.595800,0.512092,-0.016714,-0.409332
3.623685,0.216277,0.700643,-0.044622,-0.000096,-0.070315,0.996526,-0.565596,0.297598,0.365392,0.089256,-0.062340,-0.213313,-0.122201,0.147175,0.143900,0.861732,-0.629863,-0.058681,0.017354,0.251103,0.490324,0.392916,0.527344,-0.550083,0.580343,0.037425,0.119993,0.069457,-0.249380,-0.635959,0.391882,0.435114,0.456311,-0.017405,-0.434389
3.679769,0.217930,0.697741,-0.025478,0.009497,-0.067955,0.997318,-0.534041,0.237574,0.429310,0.128973,0.079802,-0.177685,-0.107386,0.092376,0.154661,0.933452,-0.621529,-0.033645,0.024450,0.174412,0.447840,0.319940,0.475424,-0.583295,0.555687,0.054016,0.097544,0.152108,-0.363336,-0.559606,0.509928,0.355625,0.340070,-0.004437,-0.429833
3.734453,0.216788,0.696483,0.002177,0.013008,-0.043087,0.998984,-0.641782,0.179621,0.349085,0.388671,0.096221,-0.037978,-0.097560,0.017858,0.131289,1.057440,-0.548431,0.007432,0.009267,0.077130,0.419377,0.224046,0.460869,-0.600967,0.579176,0.085965,0.085895,0.244707,-0.433599,-0.481129,0.571175,0.331664,0.242692,-0.002895,-0.419428
3.791266,0.217115,0.698197,0.024404,0.003635,-0.010643,0.999639,-0.673584,0.115339,0.295347,0.596992,0.036786,0.041177,-0.095289,-0.032075,0.103417,1.224255,-0.371022,0.079435,-0.007547,-0.001881,0.407721,0.110342,0.466293,-0.617900,0.640139,0.113336,0.091046,0.309388,-0.453055,-0.413647,0.597223,0.334348,0.154988,0.001761,-0.411255
3.841800,0.217094,0.702788,0.038315,-0.014733,0.012078,0.999084,-0.612137,0.065416,0.268542,0.704329,-0.065605,0.048764,-0.115517,-0.042566,0.104236,1.407840,-0.176334,0.176206,-0.012707,-0.044235,0.405715,0.020278,0.468976,-0.631439,0.687137,0.156423,0.102681,0.327013,-0.441430,-0.367814,0.608622,0.357174,0.094304,0.014432,-0.392570
3.886949,0.216930,0.707942,0.041765,-0.027572,0.018300,0.998579,-0.545453,0.052782,0.254596,0.774700,-0.170228,0.039737,-0.173194,-0.081434,0.079790,1.556728,-0.184904,0.205300,-0.007306,-0.056340,0.396059,-0.043417,0.468039,-0.627302,0.704312,0.194971,0.111254,0.324973,-0.419343,-0.349503,0.618250,0.378668,0.062022,0.026637,-0.380190
3.926560,0.216770,0.714418,0.036907,-0.036603,0.012511,0.998570,-0.472250,0.070770,0.246969,0.819010,-0.262874,0.024707,-0.264437,-0.148427,0.039771,1.637282,-0.253331,0.177355,0.000650,-0.053448,0.383849,-0.078951,0.469461,-0.591725,0.684485,0.192401,0.109248,0.328104,-0.392449,-0.357129,0.626117,0.381468,0.063937,0.033170,-0.368233
3.964285,0.216273,0.720733,0.034595,-0.044279,0.003044,0.998415,-0.379265,0.085549,0.255328,0.820296,-0.339904,0.000887,-0.364950,-0.191887,0.024706,1.629604,-0.302705,0.151963,-0.002198,-0.057912,0.373327,-0.092603,0.476264,-0.527800,0.640418,0.145683,0.096976,0.339176,-0.363531,-0.383664,0.637634,0.374148,0.078925,0.035799,-0.355832
4.002717,0.214571,0.727071,0.037175,-0.050009,-0.004722,0.998046,-0.274847,0.085438,0.275678,0.782677,-0.389891,-0.026709,-0.461257,-0.207358,0.032675,1.521804,-0.310357,0.143066,-0.018168,-0.073891,0.362073,-0.095568,0.491177,-0.460231,0.591032,0.091036,0.086464,0.348859,-0.336186,-0.423738,0.657397,0.364260,0.083484,0.035722,-0.341076
4.041306,0.211478,0.732037,0.039234,-0.053003,-0.008965,0.997783,-0.177642,0.084779,0.296193,0.733984,-0.426061,-0.058209,-0.531181,-0.224845,0.021770,1.324085,-0.287948,0.132495,-0.041653,-0.088536,0.349188,-0.095687,0.514131,-0.413251,0.548216,0.062929,0.089095,0.344732,-0.307336,-0.471317,0.675685,0.361889,0.072478,0.040790,-0.328941
4.079833,0.207210,0.735248,0.040528,-0.053370,-0.008959,0.997712,-0.088259,0.084287,0.310174,0.678600,-0.454899,-0.089931,-0.561895,-0.265007,-0.034215,1.052600,-0.246823,0.106201,-0.069096,-0.100334,0.334408,-0.097059,0.541945,-0.386917,0.512496,0.060543,0.098149,0.329649,-0.269316,-0.518902,0.683154,0.374331,0.061030,0.052754,-0.314736
4.118274,0.201373,0.735498,0.045906,-0.053611,-0.004116,0.997498,0.002498,0.072832,0.315812,0.614734,-0.476221,-0.115236,-0.546368,-0.295247,-0.079854,0.720902,-0.186317,0.090535,-0.098521,-0.117160,0.317279,-0.095621,0.569831,-0.376115,0.479380,0.062168,0.098393,0.312453,-0.217654,-0.560873,0.675295,0.397953,0.062837,0.066936,-0.295285
4.154929,0.193337,0.732321,0.059216,-0.056888,0.007607,0.996594,0.103273,0.044751,0.309453,0.547317,-0.486174,-0.131430,-0.498045,-0.319100,-0.076320,0.395248,-0.152875,0.112615,-0.130336,-0.147621,0.295838,-0.082043,0.597471,-0.374984,0.442413,0.059857,0.094218,0.299661,-0.147559,-0.593292,0.643218,0.432356,0.075391,0.075659,-0.277297
4.190330,0.183913,0.727067,0.071882,-0.060987,0.021212,0.995321,0.198366,0.024245,0.292124,0.487718,-0.483576,-0.147455,-0.457328,-0.345107,-0.078715,0.178349,-0.144221,0.124789,-0.157992,-0.175007,0.269960,-0.052255,0.620641,-0.367211,0.400801,0.066074,0.090305,0.300563,-0.075126,-0.608447,0.591970,0.483200,0.092410,0.081174,-0.270283
4.224823,0.172754,0.722917,0.070248,-0.059402,0.026242,0.995413,0.264839,0.044009,0.280708,0.455502,-0.486542,-0.168023,-0.446868,-0.332281,-0.082513,0.133307,-0.122768,0.117306,-0.169105,-0.166991,0.239455,-0.020515,0.634448,-0.356027,0.352810,0.092092,0.082108,0.304708,-0.004267,-0.613470,0.539634,0.545429,0.105776,0.079716,-0.282233
4.265326,0.160162,0.719704,0.056840,-0.061218,0.018383,0.996335,0.320538,0.076096,0.235135,0.472649,-0.496612,-0.167096,-0.451190,-0.280942,-0.072575,0.221886,-0.033768,0.087611,-0.157085,-0.130164,0.237170,0.030333,0.596653,-0.293237,0.268132,0.190957,0.092679,0.299746,0.079571,-0.589627,0.435888,0.599169,0.019964,0.071324,-0.262802
4.322615,0.144729,0.718331,0.038740,-0.066484,0.012466,0.996957,0.357451,0.129445,0.184679,0.556261,-0.474204,-0.153806,-0.486157,-0.226724,-0.057092,0.392101,0.077188,0.074769,-0.155252,-0.087773,0.240656,0.099520,0.557871,-0.218516,0.188949,0.244224,0.089796,0.302425,0.142796,-0.549757,0.334642,0.672295,-0.064023,0.063420,-0.241073
4.382601,0.129054,0.721512,0.030032,-0.078959,0.009116,0.996384,0.367288,0.167224,0.153554,0.686809,-0.396813,-0.127690,-0.471972,-0.194861,-0.048788,0.534118,-0.002989,0.049108,-0.160589,-0.070483,0.254230,0.167809,0.520791,-0.157602,0.166856,0.264786,0.090086,0.297770,0.181402,-0.490306,0.221030,0.758193,-0.141570,0.044112,-0.222799
4.433037,0.114259,0.728362,0.027045,-0.095976,0.005322,0.995002,0.347479,0.210802,0.165066,0.844856,-0.341950,-0.084065,-0.382891,-0.174211,-0.055469,0.602685,-0.118818,0.053649,-0.159851,-0.067855,0.273465,0.226082,0.498333,-0.143626,0.205795,0.260211,0.084510,0.260884,0.208587,-0.426792,0.093168,0.845711,-0.187278,0.007857,-0.211563
4.470787,0.104332,0.735325,0.021791,-0.101144,-0.003014,0.994629,0.272569,0.252421,0.202970,1.015558,-0.334293,-0.056743,-0.305323,-0.153493,-0.093261,0.625003,-0.193050,0.032762,-0.144018,-0.045486,0.284141,0.249683,0.489697,-0.196483,0.267963,0.223983,0.068862,0.183130,0.217232,-0.397885,0.053435,0.943551,-0.103792,-0.020015,-0.223260
4.511779,0.095277,0.742807,0.015296,-0.100486,-0.013181,0.994734,0.158600,0.272054,0.214467,1.142817,-0.303643,-0.040112,-0.236925,-0.122514,-0.105995,0.610769,-0.239186,0.015229,-0.114242,-0.020974,0.299966,0.264431,0.476005,-0.252302,0.331360,0.180509,0.045771,0.152155,0.210804,-0.377339,0.039211,1.020608,-0.035972,-0.036300,-0.222183
4.548725,0.087870,0.751309,0.010031,-0.094852,-0.023781,0.995157,0.026390,0.275061,0.229846,1.204965,-0.266905,-0.041176,-0.167161,-0.094537,-0.112905,0.564281,-0.266391,0.003322,-0.080094,0.002884,0.313766,0.275100,0.455531,-0.303533,0.400475,0.146052,0.028441,0.128543,0.196998,-0.358257,0.035835,1.086459,0.022686,-0.036650,-0.206485
4.585436,0.082382,0.759079,0.005201,-0.085200,-0.034592,0.995750,-0.103043,0.264680,0.248297,1.175562,-0.229102,-0.059698,-0.097632,-0.067790,-0.112938,0.493516,-0.279747,-0.003284,-0.043126,0.024916,0.320469,0.288468,0.425146,-0.331063,0.477459,0.099163,0.012032,0.115248,0.179045,-0.339487,0.048821,1.133587,0.072382,-0.030325,-0.177554
4.625173,0.076852,0.764670,-0.000277,-0.071803,-0.046563,0.996331,-0.215164,0.237139,0.253144,1.037698,-0.189075,-0.107010,-0.029148,-0.040848,-0.106871,0.409207,-0.286093,-0.005944,-0.006285,0.043525,0.318753,0.311136,0.385599,-0.332300,0.557140,0.040755,-0.001157,0.110308,0.158893,-0.320488,0.083866,1.149832,0.099802,-0.023688,-0.138252
4.668762,0.071243,0.766941,-0.009151,-0.057030,-0.059373,0.996563,-0.291073,0.223550,0.254511,0.804439,-0.138440,-0.158725,0.041010,-0.008841,-0.099653,0.317153,-0.290869,-0.004568,0.027100,0.061926,0.309318,0.344453,0.345507,-0.321515,0.634041,-0.017357,-0.009419,0.102207,0.136686,-0.303692,0.136609,1.137462,0.097384,-0.018487,-0.093975
4.715027,0.065421,0.764136,-0.022773,-0.043972,-0.071530,0.996209,-0.329785,0.251057,0.285853,0.530099,-0.072457,-0.173477,0.119818,0.031498,-0.091229,0.221792,-0.300322,-0.003694,0.050386,0.083182,0.296111,0.387473,0.312865,-0.313658,0.702508,-0.068861,-0.013250,0.080444,0.107672,-0.290817,0.195786,1.105322,0.078900,-0.014671,-0.055171
4.761600,0.059605,0.755828,-0.039756,-0.035367,-0.083878,0.995054,-0.348109,0.297892,0.332981,0.267980,-0.030589,-0.175282,0.198912,0.074355,-0.076526,0.154826,-0.328302,-0.006758,0.065574,0.105378,0.287555,0.433498,0.290209,-0.318802,0.757166,-0.103136,-0.015517,0.045307,0.066926,-0.282652,0.253274,1.061759,0.066026,-0.007384,-0.034123
4.807381,0.054892,0.744049,-0.055682,-0.031802,-0.101831,0.992733,-0.384339,0.341840,0.329843,0.106482,-0.025733,-0.204776,0.271266,0.105221,-0.048803,0.131428,-0.375251,-0.000956,0.086664,0.121657,0.286987,0.474081,0.277025,-0.332811,0.791625,-0.114939,-0.021516,0.005796,0.019754,-0.276513,0.295029,1.009571,0.053011,-0.000305,-0.029637
4.852788,0.051381,0.731612,-0.061596,-0.029484,-0.118913,0.990554,-0.458687,0.366202,0.273890,0.107501,-0.055435,-0.218471,0.337463,0.101877,-0.026165,0.130442,-0.419281,0.024423,0.106029,0.115486,0.293894,0.507162,0.270359,-0.346822,0.814015,-0.110042,-0.029731,-0.029273,-0.032900,-0.274070,0.319283,0.955756,0.051380,0.000464,-0.039751
4.897153,0.049413,0.721617,-0.053045,-0.024232,-0.128618,0.989978,-0.463161,0.344297,0.261209,0.106602,-0.050109,-0.227099,0.383094,0.062341,-0.015117,0.156694,-0.461632,0.044290,0.114362,0.081183,0.294392,0.519987,0.273695,-0.344406,0.829222,-0.113421,-0.031817,-0.042917,-0.070552,-0.281558,0.341979,0.899101,0.050693,0.000694,-0.048148
4.939818,0.048190,0.717788,-0.018491,-0.010994,-0.130019,0.991278,-0.503084,0.252116,0.223088,0.203762,0.043619,-0.151405,0.343224,-0.033499,-0.012428,0.310043,-0.521665,0.074192,0.121106,-0.006085,0.285984,0.510209,0.287587,-0.317704,0.827113,-0.120177,-0.035637,-0.031965,-0.099905,-0.297802,0.361359,0.834912,0.035942,-0.004536,-0.048103
4.986096,0.047261,0.717549,0.007072,-0.005359,-0.132603,0.991130,-0.558127,0.192119,0.177901,0.404692,0.078832,-0.115737,0.275093,-0.117408,-0.021212,0.563293,-0.506275,0.084988,0.129692,-0.073282,0.292419,0.486446,0.310144,-0.287070,0.811227,-0.133032,-0.041533,-0.000390,-0.104209,-0.323787,0.368576,0.777899,0.019002,-0.004312,-0.053830
5.035688,0.047209,0.721801,0.025415,-0.010105,-0.130448,0.991078,-0.551321,0.147963,0.182458,0.561759,0.002625,-0.078441,0.164720,-0.206068,-0.057195,0.915117,-0.346197,0.042590,0.121413,-0.120605,0.311911,0.430764,0.336410,-0.275355,0.795101,-0.142688,-0.044444,0.038269,-0.097644,-0.356230,0.369732,0.744773,0.008787,-0.004078,-0.056558
5.085975,0.048099,0.730974,0.042301,-0.015132,-0.125273,0.991105,-0.479105,0.087851,0.201129,0.585291,-0.072676,-0.055815,0.009297,-0.321707,-0.100195,1.246522,-0.177556,-0.057585,0.095996,-0.158684,0.327464,0.363090,0.366884,-0.283597,0.762409,-0.144504,-0.037120,0.061789,-0.093346,-0.385023,0.364985,0.736605,0.006434,0.001172,-0.051303
5.135386,0.048278,0.743987,0.053022,-0.014503,-0.117975,0.991494,-0.370548,0.027302,0.209480,0.511728,-0.120568,-0.048811,-0.130203,-0.373553,-0.115691,1.412122,-0.224922,-0.102031,0.059031,-0.180603,0.329612,0.281104,0.405648,-0.306211,0.727508,-0.122562,-0.038437,0.074413,-0.085430,-0.397524,0.365894,0.745184,-0.005791,0.005333,-0.051844
5.183976,0.047367,0.758977,0.048080,-0.011304,-0.113121,0.992353,-0.240940,0.003198,0.204369,0.393324,-0.149362,-0.049290,-0.251943,-0.321691,-0.129480,1.403443,-0.263505,-0.089197,0.021140,-0.168832,0.324255,0.200692,0.444109,-0.325546,0.686257,-0.098864,-0.041880,0.076473,-0.067716,-0.392901,0.373107,0.764139,-0.014238,0.005160,-0.047763
5.238543,0.043975,0.770702,0.038174,-0.006592,-0.110784,0.993089,-0.106736,-0.003570,0.198745,0.259826,-0.157033,-0.051727,-0.361093,-0.231023,-0.144398,1.266202,-0.260572,-0.026399,-0.016040,-0.144631,0.311938,0.138821,0.476955,-0.323999,0.624392,-0.086585,-0.042118,0.071703,-0.042885,-0.381188,0.381942,0.780140,-0.020144,0.003128,-0.029117
5.290306,0.041631,0.774955,0.031681,-0.001093,-0.108418,0.993600,0.012314,-0.014273,0.201524,0.151024,-0.168562,-0.055019,-0.449555,-0.165491,-0.163997,1.050508,-0.235457,0.034876,-0.053771,-0.125161,0.295967,0.094176,0.511649,-0.307933,0.538916,-0.080549,-0.042011,0.071180,-0.008752,-0.370342,0.387447,0.780981,-0.020776,0.005128,-0.009146
5.343740,0.039980,0.770256,0.034072,0.001078,-0.101805,0.994220,0.102482,-0.036615,0.204767,0.119314,-0.220452,-0.050250,-0.503767,-0.149604,-0.189750,0.781714,-0.188823,0.072826,-0.097447,-0.123407,0.281802,0.056339,0.552109,-0.290942,0.443075,-0.084653,-0.044647,0.082308,0.031245,-0.363217,0.389568,0.768124,-0.019995,0.008033,-0.002574
5.398741,0.037679,0.757773,0.045304,-0.003453,-0.086179,0.995243,0.194320,-0.073579,0.187995,0.118063,-0.290724,-0.041695,-0.509066,-0.164739,-0.205429,0.451902,-0.121539,0.105816,-0.146818,-0.140117,0.271277,0.015188,0.595454,-0.290496,0.358030,-0.109290,-0.055353,0.097533,0.076935,-0.357909,0.384030,0.752242,-0.025307,0.007482,0.001032
5.455032,0.034756,0.741687,0.064870,-0.014583,-0.058186,0.996089,0.289830,-0.119319,0.143698,0.119960,-0.345324,-0.039496,-0.474960,-0.215754,-0.241528,0.105426,-0.043244,0.179140,-0.201676,-0.175022,0.262054,-0.033981,0.637318,-0.305143,0.283418,-0.128003,-0.052741,0.111184,0.128693,-0.344737,0.367844,0.755630,-0.024793,0.004360,0.009605
5.516333,0.030734,0.726302,0.072614,-0.025419,-0.026684,0.996679,0.393957,-0.119049,0.092370,0.121689,-0.393306,-0.043065,-0.548682,-0.274725,-0.218891,0.112370,-0.129581,0.151406,-0.260261,-0.180901,0.261779,-0.079964,0.656850,-0.320611,0.233502,-0.120254,-0.056642,0.122140,0.172104,-0.324488,0.345375,0.796914,-0.008968,0.004700,0.006130
5.578604,0.025321,0.715436,0.071954,-0.031167,-0.008724,0.996883,0.493197,-0.100474,0.066272,0.118871,-0.389605,-0.052568,-0.550498,-0.289531,-0.210616,0.125426,-0.156048,0.186653,-0.295466,-0.166018,0.259946,-0.085801,0.657918,-0.336779,0.196095,-0.089192,-0.043746,0.137470,0.196777,-0.302041,0.329407,0.875508,-0.007638,0.015828,0.011812
5.639303,0.017209,0.711754,0.048620,-0.020207,-0.007349,0.998586,0.496747,-0.033144,0.088063,0.239939,-0.347181,-0.076353,-0.563053,-0.228759,-0.192673,0.237430,-0.102618,0.127192,-0.290968,-0.097915,0.240042,-0.071858,0.645534,-0.374788,0.189023,-0.072432,-0.036751,0.132179,0.204377,-0.278975,0.325253,0.962183,-0.018217,0.027375,0.021202
5.698873,0.006566,0.713880,0.016292,-0.012351,-0.001943,0.999789,0.400622,0.066736,0.081358,0.585433,-0.242256,-0.095272,-0.610869,-0.168369,-0.173681,0.456712,0.009290,0.039470,-0.285110,-0.016382,0.231206,-0.042320,0.623874,-0.410135,0.217767,-0.060091,-0.045873,0.128276,0.199235,-0.253923,0.333115,1.053434,-0.025652,0.038922,0.055787
5.755111,-0.003184,0.721261,-0.008785,-0.023382,-0.001081,0.999687,0.284515,0.155464,0.081146,0.953534,0.006214,-0.112268,-0.549175,-0.121470,-0.189286,0.567532,-0.005227,0.016252,-0.266352,0.037122,0.264033,-0.016668,0.596445,-0.454333,0.285224,-0.045766,-0.048350,0.128717,0.170496,-0.236811,0.374193,1.134707,-0.054943,0.056981,0.110332
5.807143,-0.011728,0.732125,-0.024894,-0.029250,-0.000532,0.999262,0.124782,0.279911,0.125636,1.257562,0.114822,-0.041951,-0.452211,-0.084401,-0.220186,0.581253,-0.096574,-0.005523,-0.236249,0.072784,0.295099,-0.010900,0.564956,-0.514883,0.374871,-0.032611,-0.038680,0.125180,0.124444,-0.230280,0.449451,1.174630,-0.099785,0.066103,0.174040
5.857819,-0.018045,0.748385,-0.037211,-0.028963,-0.001610,0.998886,-0.031567,0.371999,0.176345,1.405537,-0.005330,0.017961,-0.324420,-0.033647,-0.237529,0.486263,-0.137939,-0.017284,-0.194483,0.100415,0.306995,0.007261,0.535914,-0.557902,0.463978,-0.010085,-0.034741,0.118860,0.074765,-0.241119,0.509322,1.156016,-0.134615,0.064126,0.189702
5.907388,-0.022063,0.764421,-0.031595,-0.026872,-0.004207,0.999131,-0.178765,0.345028,0.206849,1.394422,-0.088127,0.015437,-0.188080,-0.013294,-0.220263,0.356808,-0.158614,-0.012546,-0.145466,0.086940,0.305072,0.045531,0.505425,-0.563498,0.539348,0.003334,-0.039705,0.110784,0.033185,-0.262325,0.518420,1.096652,-0.115996,0.048987,0.149684
5.958527,-0.025718,0.775266,-0.016745,-0.020453,-0.011708,0.999582,-0.304903,0.248703,0.220685,1.239777,-0.110151,-0.042555,-0.071603,-0.020345,-0.192244,0.240071,-0.173330,-0.000457,-0.088382,0.052252,0.292777,0.106038,0.477895,-0.527519,0.587299,-0.010446,-0.052009,0.106251,0.000380,-0.291241,0.484963,1.009494,-0.074958,0.030688,0.096688
6.012377,-0.029862,0.778838,-0.010815,-0.012106,-0.024999,0.999556,-0.400501,0.177948,0.211423,1.003225,-0.095111,-0.102686,0.015727,-0.016594,-0.166553,0.162674,-0.192524,0.010388,-0.028370,0.033709,0.280697,0.183383,0.457866,-0.460195,0.603733,-0.049190,-0.069581,0.102374,-0.031750,-0.333483,0.442779,0.904702,-0.037763,0.017980,0.058691
6.067676,-0.033187,0.774433,-0.021023,-0.006907,-0.043332,0.998816,-0.459668,0.188858,0.202097,0.730989,-0.069191,-0.137985,0.094201,0.017167,-0.139480,0.125483,-0.231864,0.010620,0.026771,0.044726,0.274430,0.272241,0.451084,-0.390837,0.603846,-0.099873,-0.085546,0.097133,-0.072667,-0.393344,0.412467,0.791137,-0.007205,0.011215,0.041972
6.123136,-0.036880,0.761291,-0.041642,-0.008375,-0.065820,0.996927,-0.468209,0.259388,0.225685,0.418251,-0.031193,-0.158535,0.181867,0.064947,-0.102297,0.119403,-0.299075,0.002362,0.070346,0.071646,0.276288,0.363134,0.458678,-0.340447,0.613387,-0.147003,-0.090754,0.086910,-0.130832,-0.466914,0.403854,0.686641,0.020673,0.009834,0.033897
6.175094,-0.039786,0.743696,-0.066169,-0.016534,-0.093396,0.993290,-0.437034,0.344299,0.258465,0.110741,-0.020603,-0.208177,0.281339,0.111243,-0.048503,0.116016,-0.369043,-0.001317,0.113215,0.105390,0.285087,0.432143,0.473889,-0.313083,0.649346,-0.165138,-0.088237,0.075540,-0.196456,-0.540643,0.420862,0.611137,0.040183,0.015415,0.024984
6.234219,-0.044142,0.726333,-0.075863,-0.025513,-0.121189,0.989397,-0.508812,0.411198,0.214167,0.108271,-0.109230,-0.210628,0.386350,0.101437,-0.009382,0.120312,-0.424053,0.017014,0.146912,0.107029,0.297448,0.478966,0.485130,-0.305287,0.721395,-0.161665,-0.079847,0.045696,-0.270529,-0.592951,0.439046,0.584394,0.040239,0.029627,0.028049
6.291946,-0.046034,0.715070,-0.064450,-0.029443,-0.131661,0.988759,-0.497948,0.392260,0.209323,0.103607,-0.109766,-0.229080,0.456712,0.046025,0.003796,0.171038,-0.454568,0.032439,0.156123,0.067458,0.302646,0.488357,0.494951,-0.302055,0.812893,-0.160053,-0.065582,0.030397,-0.298165,-0.629681,0.449884,0.578164,0.040394,0.036187,0.035346
6.349704,-0.047497,0.712382,-0.018086,-0.024294,-0.129283,0.991145,-0.496269,0.272298,0.208725,0.189595,0.009456,-0.154694,0.412888,-0.073013,-0.000200,0.403275,-0.487014,0.065296,0.161379,-0.040841,0.294517,0.467356,0.507857,-0.298685,0.880211,-0.154064,-0.057148,0.025179,-0.281704,-0.653578,0.453283,0.562938,0.031998,0.040056,0.058065
6.408088,-0.047580,0.712463,0.010917,-0.030026,-0.128493,0.991196,-0.534663,0.207810,0.182965,0.447333,0.059907,-0.120016,0.356674,-0.170344,-0.023876,0.697818,-0.364904,0.058747,0.167270,-0.108149,0.297954,0.429466,0.523261,-0.313664,0.920684,-0.158031,-0.054579,0.025663,-0.223798,-0.664507,0.456175,0.548660,0.022918,0.039218,0.071336
6.465535,-0.046392,0.717783,0.027313,-0.041254,-0.122736,0.991205,-0.494829,0.164473,0.192370,0.599573,-0.012955,-0.098563,0.259119,-0.263534,-0.075404,1.025281,-0.141139,0.017634,0.158129,-0.143080,0.310618,0.366209,0.538122,-0.353027,0.929026,-0.141424,-0.052667,0.026108,-0.166324,-0.657679,0.470651,0.560498,0.036656,0.028330,0.088669
6.517756,-0.044615,0.727482,0.049536,-0.039429,-0.117410,0.991063,-0.419998,0.091127,0.215418,0.600887,-0.087280,-0.082152,0.082578,-0.401292,-0.121916,1.326416,-0.087795,-0.063503,0.133776,-0.186007,0.310121,0.292967,0.546634,-0.410727,0.893248,-0.118384,-0.049672,0.021740,-0.122760,-0.631337,0.497177,0.600773,0.029960,0.018460,0.108918
6.567715,-0.043912,0.742707,0.062412,-0.034171,-0.112197,0.991135,-0.308398,0.025312,0.225650,0.501105,-0.121822,-0.072835,-0.086691,-0.420813,-0.107856,1.460848,-0.177094,-0.083633,0.093951,-0.209000,0.306531,0.214135,0.557079,-0.453120,0.835521,-0.100794,-0.060270,0.026668,-0.086381,-0.584015,0.525552,0.665215,0.007315,0.012811,0.108409
6.616839,-0.045357,0.759362,0.057010,-0.031671,-0.104336,0.992401,-0.172485,-0.002966,0.212533,0.364564,-0.137700,-0.071841,-0.217052,-0.341930,-0.115649,1.422091,-0.223010,-0.047192,0.042604,-0.193135,0.303306,0.146353,0.559139,-0.466210,0.775350,-0.116468,-0.070916,0.035673,-0.045768,-0.523681,0.535879,0.743856,-0.002892,0.009300,0.100449
6.667270,-0.048627,0.771395,0.044430,-0.027970,-0.093088,0.994273,-0.042582,-0.008336,0.185843,0.235591,-0.141323,-0.074177,-0.321300,-0.267179,-0.163455,1.272516,-0.239471,-0.004502,-0.016006,-0.159741,0.295507,0.095596,0.558316,-0.462202,0.708186,-0.149112,-0.073537,0.038246,0.002935,-0.463272,0.521785,0.814279,0.004414,0.007628,0.099986
6.719684,-0.051862,0.775683,0.036354,-0.021521,-0.080381,0.995869,0.061016,-0.014364,0.163849,0.147448,-0.156627,-0.073194,-0.407747,-0.236644,-0.229604,1.057967,-0.240625,0.019788,-0.074769,-0.132715,0.282590,0.053675,0.569985,-0.461487,0.624698,-0.168477,-0.072859,0.041470,0.058945,-0.413661,0.500664,0.862518,0.020438,0.006714,0.090095
6.772088,-0.053664,0.771482,0.038943,-0.016373,-0.065891,0.996932,0.138477,-0.033060,0.147937,0.119975,-0.205210,-0.065623,-0.472302,-0.236567,-0.275203,0.798049,-0.204587,0.032519,-0.131605,-0.126727,0.268457,0.016194,0.597996,-0.467878,0.526049,-0.174826,-0.075970,0.050626,0.113400,-0.377796,0.491073,0.892069,0.028005,0.004408,0.068480
6.824493,-0.055744,0.760430,0.050379,-0.016395,-0.047287,0.997475,0.217296,-0.064118,0.121666,0.118629,-0.270801,-0.054531,-0.495904,-0.240842,-0.267230,0.473701,-0.124863,0.066904,-0.185171,-0.139011,0.255846,-0.017835,0.634883,-0.482850,0.426316,-0.184882,-0.085931,0.058501,0.165200,-0.352731,0.493520,0.914928,0.013538,0.001584,0.056858
6.877919,-0.058393,0.746002,0.068631,-0.022880,-0.022516,0.997126,0.305208,-0.100162,0.082295,0.120924,-0.324776,-0.053068,-0.468548,-0.269626,-0.274551,0.109789,-0.036387,0.151346,-0.235582,-0.166641,0.244302,-0.048699,0.675999,-0.494871,0.324263,-0.185703,-0.081351,0.063284,0.220356,-0.327193,0.501944,0.941490,-0.012199,0.003081,0.068571
6.936940,-0.061930,0.731300,0.078022,-0.030709,0.003614,0.996472,0.401836,-0.098119,0.047380,0.119990,-0.364090,-0.053543,-0.550020,-0.329134,-0.245253,0.111026,-0.124027,0.142270,-0.287676,-0.175835,0.241456,-0.061834,0.701866,-0.492427,0.235934,-0.170803,-0.080613,0.061621,0.270208,-0.302960,0.505785,0.976978,-0.039343,0.007652,0.084030
6.996140,-0.067441,0.721509,0.078419,-0.032782,0.013215,0.996294,0.489435,-0.078753,0.036211,0.125130,-0.349383,-0.060655,-0.563886,-0.332527,-0.228487,0.126868,-0.163091,0.185277,-0.313396,-0.164939,0.235148,-0.029323,0.711282,-0.466445,0.158882,-0.156419,-0.076397,0.065636,0.301843,-0.282752,0.511759,1.018966,-0.071245,0.015732,0.108485
7.051597,-0.076849,0.716663,0.064447,-0.023507,0.010457,0.997589,0.482714,-0.031606,0.058915,0.270912,-0.311540,-0.074869,-0.534820,-0.265043,-0.205887,0.157703,-0.111049,0.180511,-0.307411,-0.122908,0.209376,0.022932,0.708056,-0.462028,0.121315,-0.173268,-0.062935,0.060738,0.329068,-0.259059,0.517023,1.037492,-0.077515,0.019631,0.113843
7.107966,-0.089445,0.718817,0.030460,-0.008514,0.013776,0.999405,0.363366,0.068181,0.049236,0.616625,-0.213666,-0.085534,-0.609203,-0.187846,-0.169485,0.405940,-0.027630,0.044874,-0.303896,-0.042662,0.185560,0.078181,0.684187,-0.450459,0.137416,-0.183994,-0.065012,0.048083,0.344693,-0.235795,0.499223,1.055916,-0.062662,0.015279,0.128953
7.165212,-0.101096,0.724471,0.008541,-0.016290,0.018717,0.999656,0.247603,0.153421,0.049203,0.964446,0.012433,-0.100837,-0.556262,-0.151014,-0.193279,0.520596,0.005860,0.034265,-0.285968,-0.001239,0.202346,0.115242,0.638789,-0.459788,0.217957,-0.169971,-0.057131,0.055435,0.339981,-0.217128,0.491935,1.069841,-0.055901,0.018066,0.148021
7.217720,-0.111305,0.732669,-0.005304,-0.022848,0.022999,0.999460,0.098709,0.294427,0.109441,1.257551,0.109695,-0.027225,-0.486750,-0.125038,-0.229036,0.594658,-0.098539,-0.011535,-0.252526,0.023926,0.228843,0.112183,0.577531,-0.491888,0.357847,-0.143130,-0.040612,0.065787,0.309000,-0.204347,0.503685,1.082986,-0.043065,0.012033,0.166126
7.269340,-0.119711,0.746422,-0.019241,-0.025370,0.021883,0.999253,-0.050292,0.405548,0.165557,1.426641,-0.007339,0.041172,-0.371702,-0.073204,-0.258845,0.543003,-0.151768,-0.031171,-0.202043,0.052564,0.246877,0.103363,0.517012,-0.518636,0.523576,-0.105395,-0.018553,0.071442,0.241379,-0.211801,0.527452,1.097678,-0.042483,0.011728,0.169915
7.320399,-0.126394,0.760965,-0.019742,-0.026760,0.017294,0.999297,-0.193450,0.389388,0.188166,1.454004,-0.086043,0.039266,-0.242673,-0.035727,-0.251237,0.446615,-0.183561,-0.030315,-0.145769,0.051806,0.257134,0.106508,0.463903,-0.526760,0.680745,-0.062193,-0.000946,0.061066,0.159957,-0.240178,0.552680,1.104024,-0.046058,0.012686,0.162765
7.370348,-0.132250,0.771914,-0.011081,-0.025620,0.010095,0.999559,-0.319227,0.291472,0.189981,1.344021,-0.100475,-0.021036,-0.117975,-0.021304,-0.229165,0.343442,-0.207361,-0.021691,-0.087756,0.030471,0.259736,0.135968,0.429398,-0.516850,0.792456,-0.027518,0.006173,0.033075,0.082639,-0.283476,0.557327,1.084994,-0.052274,0.011599,0.151474
7.420653,-0.138078,0.776795,-0.006514,-0.021540,-0.001458,0.999746,-0.414270,0.197967,0.175250,1.136605,-0.085246,-0.093100,-0.007312,-0.005149,-0.207993,0.241803,-0.221467,-0.010865,-0.029633,0.017500,0.256968,0.189216,0.417270,-0.490197,0.839733,-0.010303,0.001091,-0.000191,0.010985,-0.338825,0.546629,1.043466,-0.058862,0.011009,0.136203
7.471516,-0.142996,0.774986,-0.013169,-0.017014,-0.017187,0.999621,-0.472742,0.178223,0.172203,0.873086,-0.053520,-0.132702,0.094762,0.030048,-0.190362,0.152428,-0.234581,-0.004151,0.025616,0.027891,0.252790,0.256976,0.425195,-0.461663,0.838601,-0.006098,-0.010822,-0.023214,-0.060223,-0.406906,0.536166,0.989393,-0.056982,0.010019,0.118349
7.521267,-0.147439,0.766193,-0.027838,-0.014572,-0.037577,0.998800,-0.486792,0.214859,0.195476,0.560150,-0.005286,-0.141740,0.180036,0.072474,-0.160816,0.124095,-0.279996,-0.006601,0.073547,0.053600,0.250845,0.334552,0.446600,-0.439382,0.816223,-0.005516,-0.021121,-0.029747,-0.141650,-0.487130,0.541600,0.930150,-0.044609,0.003456,0.098585
7.572345,-0.150510,0.753231,-0.046237,-0.016933,-0.063874,0.996742,-0.442767,0.254428,0.224613,0.193050,0.030744,-0.173638,0.262114,0.113366,-0.111384,0.117858,-0.336454,-0.010302,0.124050,0.087640,0.256186,0.403160,0.470537,-0.424340,0.802757,-0.004824,-0.028067,-0.021621,-0.223043,-0.570564,0.568707,0.878420,-0.018677,0.003029,0.074467
7.625754,-0.154671,0.739062,-0.057966,-0.022608,-0.096221,0.993413,-0.480352,0.300807,0.213940,0.104743,-0.054494,-0.182687,0.350965,0.119985,-0.051877,0.124779,-0.390427,-0.006705,0.175307,0.109697,0.264817,0.467144,0.480928,-0.404437,0.798518,-0.003340,-0.027721,-0.017982,-0.303106,-0.638367,0.584238,0.833717,-0.007529,0.006279,0.066016
7.679765,-0.156180,0.728091,-0.059832,-0.024696,-0.119505,0.990721,-0.499047,0.313613,0.204134,0.108511,-0.102504,-0.208897,0.423553,0.093806,-0.010000,0.151791,-0.412632,0.003677,0.207639,0.113127,0.269822,0.513372,0.480541,-0.385952,0.824835,-0.011342,-0.024330,-0.022079,-0.346713,-0.685981,0.576190,0.798342,0.005243,0.007112,0.055042
7.735106,-0.157963,0.722588,-0.038252,-0.020239,-0.128316,0.990789,-0.454775,0.251555,0.222238,0.118317,-0.024957,-0.192729,0.405772,0.028718,0.010169,0.327708,-0.442857,0.033699,0.217438,0.067358,0.261813,0.531619,0.479333,-0.365839,0.865263,-0.009331,-0.021021,-0.025268,-0.343459,-0.707860,0.541873,0.749481,0.016701,0.009687,0.054524
7.794978,-0.159448,0.721578,0.005741,-0.013780,-0.130550,0.991329,-0.539175,0.150695,0.202696,0.369572,0.061729,-0.076846,0.310243,-0.090142,0.009051,0.633989,-0.391983,0.075934,0.224846,-0.026223,0.256358,0.526074,0.471599,-0.364211,0.911689,-0.021460,-0.024127,-0.017525,-0.297000,-0.702276,0.502379,0.704505,0.026348,0.004174,0.054273
7.856149,-0.160994,0.724970,0.021522,-0.024451,-0.127469,0.991308,-0.515282,0.121973,0.217569,0.547735,-0.000215,-0.057592,0.220489,-0.159460,-0.012940,0.953168,-0.182887,0.085291,0.213086,-0.058250,0.269408,0.481599,0.472046,-0.391824,0.963781,-0.016063,-0.013790,-0.028434,-0.233148,-0.667763,0.476120,0.691146,0.049166,-0.000806,0.053715
7.911310,-0.161698,0.733053,0.036508,-0.031223,-0.125315,0.990953,-0.438266,0.073039,0.237513,0.597296,-0.092172,-0.036209,0.068500,-0.274769,-0.055476,1.261804,-0.031806,0.030593,0.186594,-0.087922,0.276026,0.432022,0.464366,-0.433318,0.972874,-0.014842,-0.002006,-0.048133,-0.180926,-0.619552,0.487641,0.705132,0.046772,0.003841,0.081164
7.962167,-0.162233,0.744276,0.052704,-0.034513,-0.122626,0.990451,-0.318631,0.003443,0.253866,0.534677,-0.144617,-0.018017,-0.079531,-0.368950,-0.070101,1.433501,-0.112181,-0.033393,0.144910,-0.121100,0.276199,0.380343,0.460656,-0.461812,0.931269,-0.019906,-0.014453,-0.053584,-0.131585,-0.567485,0.528806,0.735223,-0.007669,0.011150,0.103734
8.010450,-0.164596,0.755905,0.052775,-0.036877,-0.114801,0.991300,-0.188406,-0.035966,0.242808,0.440723,-0.182940,-0.007946,-0.203600,-0.378719,-0.099090,1.458541,-0.188319,-0.075074,0.088595,-0.121924,0.270551,0.328848,0.462543,-0.467943,0.862930,-0.049829,-0.034845,-0.041999,-0.072210,-0.513260,0.561325,0.782493,-0.058724,0.014652,0.113523
8.059028,-0.169182,0.765410,0.044785,-0.036888,-0.100460,0.993248,-0.062384,-0.052780,0.209324,0.336546,-0.201849,-0.003315,-0.301530,-0.332803,-0.143750,1.355083,-0.235439,-0.057762,0.022787,-0.105379,0.259740,0.280241,0.470775,-0.457959,0.781133,-0.101719,-0.052000,-0.028511,-0.006755,-0.458963,0.567046,0.843513,-0.081194,0.013671,0.116478
8.110838,-0.174584,0.770181,0.035612,-0.032629,-0.081534,0.995500,0.050403,-0.056422,0.165927,0.241505,-0.216390,-0.005868,-0.381273,-0.280298,-0.199241,1.153403,-0.254059,-0.024418,-0.045167,-0.084283,0.242898,0.229854,0.492807,-0.447270,0.689954,-0.145925,-0.062211,-0.017147,0.063622,-0.410391,0.549582,0.905076,-0.073106,0.014450,0.109799
8.164966,-0.179848,0.768445,0.033623,-0.026804,-0.058291,0.997373,0.152218,-0.065221,0.125217,0.162944,-0.236571,-0.005935,-0.440292,-0.263135,-0.259149,0.880622,-0.242375,-0.000396,-0.110899,-0.075532,0.222627,0.174072,0.530591,-0.445096,0.589697,-0.167527,-0.067991,-0.001440,0.135416,-0.374029,0.529047,0.952169,-0.053050,0.016769,0.088076
8.216802,-0.184910,0.760513,0.037199,-0.022549,-0.034114,0.998471,0.235779,-0.073977,0.084324,0.135877,-0.282178,-0.007989,-0.463881,-0.256806,-0.292270,0.549496,-0.184823,0.013683,-0.165328,-0.076271,0.200582,0.114481,0.574073,-0.448309,0.492732,-0.179572,-0.076213,0.020408,0.207249,-0.349318,0.512853,0.974433,-0.036225,0.014686,0.069253
8.269236,-0.188605,0.748762,0.048820,-0.024613,-0.008434,0.998469,0.318690,-0.089751,0.042676,0.126464,-0.321677,-0.021450,-0.436610,-0.258589,-0.303593,0.159938,-0.089582,0.074855,-0.211637,-0.092988,0.181732,0.054538,0.609745,-0.444162,0.397514,-0.184950,-0.066244,0.050487,0.278374,-0.329644,0.488038,0.979214,-0.021108,0.004116,0.065995
