0.047669,0.000000,0.787596,-0.001429,0.017365,0.000129,0.999848,-0.018195,0.071612,0.174092,0.266877,-0.274600,-0.053940,-0.024189,-0.036445,-0.088783,0.215049,-0.257837,0.052368,0.004252,0.010436,0.108832,0.020528,0.334935,-0.554243,0.903053,-0.102793,-0.016622,0.169241,-0.085068,-0.322755,0.680100,1.009952,-0.041577,0.031552,-0.108833
0.047971,-0.000229,0.787200,-0.001083,0.018818,-0.001178,0.999822,-0.025951,0.072243,0.178028,0.279048,-0.283783,-0.053188,-0.028332,-0.038387,-0.087916,0.220823,-0.265830,0.056545,0.007335,0.009627,0.110106,0.023908,0.335602,-0.550209,0.899681,-0.104501,-0.017633,0.168037,-0.091362,-0.320067,0.687781,1.008040,-0.043321,0.033967,-0.106565
0.050220,-0.000065,0.786517,-0.001443,0.020082,-0.002705,0.999794,-0.036153,0.074691,0.180575,0.299709,-0.296179,-0.051411,-0.031772,-0.038385,-0.085957,0.226199,-0.273922,0.060913,0.010690,0.010680,0.113370,0.028205,0.334858,-0.545292,0.896865,-0.107498,-0.020915,0.167378,-0.104284,-0.317222,0.702606,1.007070,-0.046281,0.035733,-0.102421
0.052641,0.000484,0.785548,-0.002799,0.020983,-0.005003,0.999763,-0.046493,0.079458,0.183528,0.326756,-0.312128,-0.049459,-0.033127,-0.036054,-0.082386,0.229225,-0.280556,0.064690,0.015688,0.013701,0.118268,0.033062,0.333424,-0.541037,0.896357,-0.111850,-0.024089,0.166794,-0.124774,-0.314484,0.725598,1.008047,-0.054612,0.037852,-0.095782
0.056212,0.001504,0.784327,-0.005228,0.021689,-0.008191,0.999718,-0.056123,0.086482,0.186563,0.356976,-0.330843,-0.047127,-0.033052,-0.031547,-0.077273,0.231551,-0.286580,0.067678,0.021621,0.019008,0.124110,0.037771,0.331572,-0.538957,0.898551,-0.118091,-0.026462,0.167207,-0.152302,-0.313165,0.757560,1.009738,-0.068670,0.041271,-0.086004
0.061001,0.003302,0.782646,-0.008729,0.022173,-0.012411,0.999639,-0.062735,0.095282,0.190350,0.388003,-0.354038,-0.044726,-0.031637,-0.025462,-0.070647,0.236127,-0.294935,0.071292,0.027898,0.026482,0.130847,0.044012,0.329648,-0.541025,0.902308,-0.123807,-0.027083,0.169429,-0.188261,-0.314361,0.797566,1.009935,-0.089925,0.046397,-0.075125
0.067168,0.005934,0.780633,-0.012523,0.022572,-0.016818,0.999525,-0.064295,0.103389,0.195852,0.413291,-0.379413,-0.042641,-0.028570,-0.019661,-0.063716,0.242154,-0.306121,0.075302,0.033446,0.033852,0.136970,0.052349,0.327902,-0.547357,0.906565,-0.126103,-0.026601,0.173942,-0.225558,-0.317510,0.831785,1.005017,-0.115171,0.050490,-0.068689
0.073995,0.008967,0.778563,-0.015596,0.023239,-0.021116,0.999385,-0.060979,0.108362,0.203974,0.429907,-0.403870,-0.040814,-0.024028,-0.016286,-0.055708,0.248441,-0.318627,0.079624,0.038282,0.038317,0.141557,0.062449,0.326273,-0.557211,0.911310,-0.125168,-0.026569,0.178524,-0.258682,-0.320743,0.852446,0.993398,-0.135785,0.051108,-0.068908
0.081268,0.012860,0.776611,-0.017336,0.024198,-0.025150,0.999240,-0.051968,0.108789,0.214744,0.436309,-0.425365,-0.038767,-0.018317,-0.016842,-0.047185,0.255359,-0.332142,0.084945,0.042919,0.038393,0.145072,0.072958,0.324914,-0.569761,0.917491,-0.122680,-0.026484,0.179788,-0.284836,-0.322597,0.859676,0.976547,-0.149819,0.049489,-0.074203
0.089592,0.016491,0.774578,-0.018373,0.025472,-0.028150,0.999110,-0.040741,0.106103,0.224471,0.438019,-0.443920,-0.037305,-0.012871,-0.020150,-0.039875,0.264941,-0.346109,0.089407,0.047302,0.035819,0.148405,0.080680,0.324138,-0.584966,0.925537,-0.118010,-0.025283,0.175769,-0.301157,-0.322995,0.854606,0.954702,-0.155093,0.046467,-0.083724
0.099013,0.020422,0.772105,-0.018463,0.027032,-0.029201,0.999037,-0.029611,0.100149,0.231475,0.440133,-0.461283,-0.036271,-0.012420,-0.026953,-0.035484,0.287265,-0.364623,0.092597,0.050896,0.030380,0.152974,0.082788,0.325125,-0.602658,0.933232,-0.107059,-0.023595,0.167313,-0.304946,-0.322674,0.839162,0.928521,-0.149257,0.039593,-0.098604
0.109227,0.024555,0.768861,-0.016186,0.029121,-0.027647,0.999062,-0.017886,0.086973,0.234272,0.439446,-0.477044,-0.036297,-0.024788,-0.040342,-0.033369,0.339175,-0.392049,0.094790,0.053215,0.018728,0.160235,0.078674,0.329749,-0.622391,0.935545,-0.089880,-0.022793,0.156932,-0.295217,-0.322777,0.818506,0.898854,-0.130326,0.027242,-0.116110
0.120253,0.028867,0.764664,-0.010210,0.031630,-0.024171,0.999155,-0.006843,0.064608,0.235751,0.437668,-0.491319,-0.034884,-0.061207,-0.064423,-0.033087,0.440516,-0.430255,0.097159,0.054304,-0.001245,0.172786,0.067392,0.339619,-0.637440,0.925391,-0.069905,-0.022565,0.146960,-0.276282,-0.324131,0.796975,0.871637,-0.105799,0.012399,-0.133716
0.131020,0.032957,0.760374,-0.004092,0.033707,-0.019902,0.999225,0.001508,0.043381,0.234856,0.441266,-0.507610,-0.030943,-0.121926,-0.090049,-0.033169,0.597053,-0.464057,0.093367,0.053317,-0.021361,0.191441,0.047063,0.352728,-0.645679,0.907335,-0.051758,-0.025690,0.146879,-0.248787,-0.329061,0.784820,0.857565,-0.079375,-0.003869,-0.146573
0.141019,0.037002,0.756897,-0.001608,0.035332,-0.017331,0.999224,0.007070,0.032200,0.232603,0.456784,-0.526405,-0.026824,-0.213264,-0.107866,-0.031812,0.802410,-0.460195,0.077750,0.049651,-0.031096,0.215558,0.014138,0.363627,-0.644781,0.882664,-0.030523,-0.029360,0.153221,-0.222949,-0.336952,0.785129,0.865648,-0.055148,-0.016393,-0.152144
0.152050,0.040416,0.753883,-0.001931,0.036249,-0.016169,0.999210,0.019839,0.027783,0.230657,0.464996,-0.540702,-0.024093,-0.319294,-0.114344,-0.023671,1.004302,-0.426925,0.048625,0.045210,-0.032940,0.242614,-0.037224,0.370987,-0.643064,0.854067,-0.018420,-0.030065,0.170969,-0.197199,-0.346258,0.801263,0.904617,-0.035056,-0.023118,-0.151641
0.165608,0.043017,0.751710,-0.004025,0.038066,-0.014317,0.999165,0.043685,0.025567,0.225056,0.453289,-0.549056,-0.023483,-0.418364,-0.108200,-0.017098,1.139071,-0.409945,0.031801,0.034238,-0.029923,0.266975,-0.102241,0.374525,-0.648493,0.821027,-0.004000,-0.025363,0.190827,-0.170083,-0.354686,0.826847,0.974681,-0.026472,-0.018486,-0.135747
0.181179,0.044846,0.750829,-0.008729,0.042136,-0.012251,0.998999,0.075811,0.028247,0.216690,0.420722,-0.547587,-0.026227,-0.513099,-0.087473,-0.009722,1.188782,-0.395768,0.024254,0.016629,-0.020933,0.281733,-0.172446,0.375909,-0.657255,0.767226,0.013980,-0.016087,0.206334,-0.134117,-0.361160,0.840002,1.050679,-0.032343,0.000758,-0.104241
0.199422,0.045955,0.750761,-0.015984,0.048398,-0.009673,0.998653,0.112047,0.037423,0.207101,0.374525,-0.535917,-0.033654,-0.597968,-0.063767,-0.011556,1.155201,-0.371093,0.017799,-0.008983,-0.006728,0.287550,-0.236837,0.379128,-0.654453,0.680963,0.034629,-0.003875,0.215913,-0.086068,-0.369736,0.828433,1.104102,-0.041789,0.022101,-0.073826
0.221095,0.046659,0.751286,-0.023680,0.055157,-0.006421,0.998176,0.152682,0.048179,0.196296,0.319799,-0.508357,-0.046880,-0.665127,-0.046616,-0.024578,1.048708,-0.337498,0.011734,-0.042157,0.006761,0.291142,-0.289674,0.388601,-0.640493,0.569715,0.055537,0.005527,0.224994,-0.029875,-0.384362,0.799296,1.128690,-0.038487,0.031333,-0.057848
0.246081,0.047266,0.752528,-0.028491,0.061953,-0.001389,0.997671,0.193655,0.053329,0.182112,0.264850,-0.463031,-0.059704,-0.705052,-0.035362,-0.039536,0.877322,-0.293059,0.014209,-0.083222,0.013273,0.292392,-0.330054,0.402642,-0.620543,0.457683,0.066899,0.010042,0.235483,0.031545,-0.404532,0.757389,1.133957,-0.023076,0.034290,-0.061051
0.273055,0.047636,0.753938,-0.028602,0.067111,0.004768,0.997324,0.238464,0.048760,0.163884,0.218562,-0.398490,-0.070342,-0.708534,-0.034002,-0.059120,0.660045,-0.247583,0.028044,-0.125055,0.011360,0.292460,-0.364365,0.418086,-0.607624,0.362634,0.076817,0.010863,0.248343,0.089995,-0.427093,0.711406,1.129141,-0.000418,0.036978,-0.074629
0.306128,0.047609,0.754317,-0.023461,0.070003,0.011839,0.997201,0.287092,0.033931,0.142129,0.183907,-0.324149,-0.074522,-0.687850,-0.043979,-0.085437,0.456727,-0.208971,0.045553,-0.163773,0.000954,0.290153,-0.391910,0.431809,-0.609203,0.294634,0.088319,0.014372,0.257835,0.142325,-0.448514,0.670415,1.116146,0.025714,0.042773,-0.087461
0.339653,0.047850,0.752933,-0.016935,0.071493,0.018484,0.997126,0.332028,0.020775,0.121067,0.170382,-0.253551,-0.074465,-0.671358,-0.048353,-0.098119,0.347413,-0.194293,0.056175,-0.198034,-0.010532,0.284955,-0.410885,0.443481,-0.620688,0.256204,0.103447,0.020164,0.259814,0.186089,-0.467793,0.636924,1.095648,0.048097,0.047472,-0.095421
0.377185,0.047941,0.750456,-0.014588,0.073441,0.021319,0.996965,0.360785,0.021131,0.103753,0.200965,-0.193047,-0.071779,-0.661730,-0.034337,-0.098228,0.336482,-0.204344,0.055437,-0.221273,-0.012022,0.277565,-0.414775,0.453449,-0.633196,0.242351,0.117373,0.025045,0.255915,0.219933,-0.481813,0.609935,1.067518,0.066495,0.047008,-0.100155
0.417454,0.047253,0.747845,-0.020010,0.076617,0.020449,0.996650,0.355116,0.041670,0.086523,0.307209,-0.141015,-0.066078,-0.650019,0.004648,-0.090440,0.384844,-0.209371,0.039006,-0.229305,0.003753,0.270099,-0.395708,0.459946,-0.642655,0.254070,0.122286,0.028014,0.252322,0.236991,-0.484031,0.591719,1.035184,0.081660,0.041206,-0.099837
0.459848,0.046751,0.745922,-0.030815,0.078750,0.018371,0.996249,0.311858,0.074916,0.066289,0.482537,-0.072512,-0.069130,-0.644673,0.051297,-0.070885,0.471681,-0.187708,0.022158,-0.224759,0.031775,0.265650,-0.360194,0.459309,-0.639661,0.296867,0.121224,0.019438,0.252901,0.227536,-0.475544,0.579828,1.008178,0.107594,0.030771,-0.097121
0.502463,0.046599,0.744521,-0.038173,0.076202,0.014678,0.996253,0.239481,0.101134,0.051443,0.712684,0.019258,-0.083063,-0.624643,0.075741,-0.065016,0.563767,-0.211832,0.016159,-0.205812,0.050489,0.274137,-0.316778,0.441871,-0.626349,0.373332,0.111934,0.013628,0.259933,0.185609,-0.458381,0.584587,0.999521,0.129407,0.022779,-0.099771
0.543894,0.046330,0.743758,-0.044161,0.071735,0.010883,0.996386,0.128703,0.129978,0.039996,0.980058,0.092858,-0.094736,-0.577323,0.094039,-0.058384,0.612352,-0.244237,0.022280,-0.173407,0.064268,0.291048,-0.277329,0.411672,-0.611867,0.479871,0.075765,0.005333,0.275753,0.116912,-0.429974,0.607094,0.994675,0.135259,0.019262,-0.104925
0.585172,0.046208,0.744434,-0.053967,0.070970,0.006893,0.995994,-0.014084,0.160097,0.012908,1.229633,0.066816,-0.096508,-0.515208,0.120889,-0.061956,0.617839,-0.292264,0.021509,-0.132566,0.083728,0.301481,-0.234347,0.380435,-0.605932,0.599926,0.016526,-0.003046,0.288922,0.019544,-0.393366,0.645470,0.984349,0.109597,0.020754,-0.118295
0.626150,0.046542,0.746795,-0.061193,0.069814,0.003780,0.995674,-0.166206,0.176113,-0.015492,1.412054,-0.033838,-0.094113,-0.428226,0.143069,-0.056177,0.583953,-0.330401,0.027258,-0.085362,0.096018,0.306597,-0.185793,0.361411,-0.614074,0.711415,-0.044124,-0.014623,0.285808,-0.100606,-0.359663,0.684128,0.957529,0.052784,0.022876,-0.136729
0.667837,0.048570,0.750300,-0.064345,0.065023,-0.001806,0.995805,-0.313246,0.177322,-0.036888,1.506412,-0.138423,-0.088726,-0.316065,0.157002,-0.036914,0.519868,-0.356528,0.037130,-0.031961,0.100350,0.312583,-0.130169,0.361633,-0.633949,0.797925,-0.082852,-0.022438,0.263326,-0.229616,-0.336772,0.712991,0.919787,-0.005933,0.024311,-0.154981
0.710100,0.052583,0.754151,-0.060071,0.059616,-0.011157,0.996350,-0.447785,0.173559,-0.034632,1.509057,-0.210067,-0.070509,-0.198723,0.151185,-0.003379,0.445619,-0.369877,0.049666,0.023694,0.092008,0.317089,-0.065132,0.379160,-0.652352,0.851159,-0.091112,-0.025459,0.227796,-0.354341,-0.327406,0.729160,0.875321,-0.049029,0.022033,-0.168181
0.753092,0.058255,0.756995,-0.049792,0.056717,-0.022842,0.996886,-0.564136,0.171631,-0.014329,1.431374,-0.257671,-0.040126,-0.097247,0.123719,0.033346,0.379353,-0.375961,0.060857,0.076877,0.073222,0.319231,0.005962,0.407048,-0.656388,0.873994,-0.079022,-0.024915,0.188591,-0.471528,-0.332443,0.738559,0.814668,-0.076074,0.018026,-0.172991
0.797243,0.065272,0.758229,-0.041324,0.057364,-0.035761,0.996857,-0.654483,0.184663,0.008475,1.290034,-0.282635,-0.008815,-0.014525,0.092836,0.062452,0.324159,-0.366971,0.068330,0.125990,0.057664,0.318528,0.078206,0.436015,-0.641275,0.881402,-0.064082,-0.021828,0.159651,-0.579604,-0.351203,0.750313,0.745143,-0.086905,0.011351,-0.174662
0.843636,0.073705,0.758974,-0.035760,0.061806,-0.048069,0.996288,-0.716445,0.209080,0.037591,1.082914,-0.282657,0.011489,0.051068,0.062908,0.089592,0.284642,-0.344680,0.076401,0.169613,0.047069,0.313717,0.146059,0.457841,-0.612583,0.883624,-0.057352,-0.016560,0.141348,-0.675341,-0.376811,0.758100,0.672412,-0.088784,0.001388,-0.178018
0.891785,0.082937,0.759518,-0.030190,0.069317,-0.056579,0.995531,-0.741604,0.231673,0.089362,0.810820,-0.244450,0.026956,0.101508,0.031659,0.115160,0.264911,-0.311562,0.084088,0.203325,0.035310,0.304885,0.205267,0.469794,-0.582321,0.885264,-0.056935,-0.010284,0.130098,-0.749245,-0.400683,0.757169,0.604596,-0.090097,-0.005245,-0.182464
0.942258,0.092440,0.758347,-0.025520,0.075308,-0.060581,0.994991,-0.719220,0.230388,0.145963,0.507355,-0.189081,0.025232,0.142888,0.003847,0.132570,0.277624,-0.270597,0.084524,0.227747,0.025363,0.295893,0.251978,0.473117,-0.556609,0.884438,-0.056467,-0.003612,0.123352,-0.793847,-0.418920,0.744793,0.545928,-0.096955,-0.005240,-0.189226
0.996119,0.102278,0.754935,-0.025408,0.075917,-0.060878,0.994930,-0.664176,0.221011,0.203167,0.273454,-0.142781,0.001409,0.184583,-0.014512,0.133184,0.329832,-0.215474,0.072928,0.244308,0.024598,0.288545,0.285471,0.470627,-0.539395,0.879800,-0.059724,0.000799,0.122043,-0.801271,-0.434117,0.720090,0.496311,-0.105662,-0.003073,-0.200032
1.050841,0.112366,0.750788,-0.024131,0.077307,-0.053341,0.995287,-0.638878,0.201943,0.235854,0.243369,-0.141363,0.003796,0.198985,-0.033380,0.108264,0.446816,-0.133888,0.057540,0.245621,0.017656,0.278616,0.300827,0.462726,-0.521840,0.872813,-0.062536,-0.003089,0.125183,-0.776781,-0.440376,0.684389,0.451218,-0.109775,-0.005878,-0.213810
1.105774,0.122470,0.747069,-0.016402,0.080796,-0.039446,0.995815,-0.653062,0.169071,0.230858,0.376797,-0.121811,0.015826,0.173773,-0.067100,0.061138,0.627447,-0.021298,0.039168,0.237152,-0.005390,0.266174,0.286361,0.449744,-0.498574,0.871436,-0.078915,-0.005238,0.134994,-0.716419,-0.437934,0.644014,0.415639,-0.109902,-0.012987,-0.229242
1.161578,0.132463,0.744353,-0.005754,0.078127,-0.023954,0.996639,-0.656500,0.133984,0.221498,0.540157,-0.141966,0.029501,0.108220,-0.113061,0.024643,0.866190,0.104091,0.019919,0.224139,-0.031286,0.274682,0.238247,0.429500,-0.492130,0.884101,-0.090827,-0.009214,0.152093,-0.631704,-0.428135,0.608971,0.418675,-0.090154,-0.024080,-0.237573
1.216758,0.142992,0.742399,0.008328,0.067984,-0.013310,0.997563,-0.598217,0.089506,0.228783,0.638806,-0.216731,0.031745,0.005497,-0.136750,0.056929,1.137633,0.112606,0.020173,0.206089,-0.057434,0.300265,0.156018,0.401467,-0.498250,0.900158,-0.108458,-0.017682,0.173195,-0.549201,-0.401439,0.601404,0.480447,-0.061467,-0.025561,-0.237949
1.269668,0.153031,0.742290,0.022094,0.059512,-0.007600,0.997954,-0.510628,0.039982,0.242459,0.674213,-0.310468,0.031497,-0.118984,-0.121886,0.116292,1.354019,-0.014271,0.030687,0.177359,-0.081489,0.320144,0.051210,0.366259,-0.514517,0.912088,-0.118323,-0.027299,0.196770,-0.474693,-0.365076,0.630095,0.599946,-0.050556,-0.019278,-0.231686
1.322426,0.163032,0.744301,0.028273,0.054480,-0.000935,0.998114,-0.408270,0.000019,0.246707,0.658641,-0.385298,0.023259,-0.263436,-0.116530,0.136442,1.482418,-0.143251,-0.003533,0.134148,-0.091739,0.331965,-0.076699,0.332636,-0.537734,0.916157,-0.109595,-0.030502,0.214034,-0.402879,-0.337183,0.681518,0.743204,-0.041257,-0.007230,-0.208851
1.374017,0.172530,0.747601,0.030879,0.052516,0.010638,0.998086,-0.292173,-0.038078,0.236101,0.592143,-0.430657,0.012379,-0.418193,-0.118513,0.136348,1.516360,-0.234089,-0.038843,0.077152,-0.096168,0.336764,-0.216608,0.310066,-0.559047,0.899222,-0.093372,-0.030216,0.219027,-0.323863,-0.331878,0.730393,0.871026,-0.028257,0.007376,-0.173388
1.424127,0.180859,0.750600,0.026607,0.052963,0.025443,0.997918,-0.171866,-0.056536,0.209448,0.499811,-0.455924,-0.002119,-0.556868,-0.121123,0.112376,1.452304,-0.281595,-0.068472,0.016683,-0.087310,0.335544,-0.354638,0.301188,-0.573005,0.848218,-0.076011,-0.025456,0.208574,-0.229952,-0.350907,0.743273,0.968436,-0.020904,0.020510,-0.141136
1.474042,0.188349,0.752010,0.016609,0.056165,0.040785,0.997450,-0.054826,-0.052072,0.182194,0.396539,-0.460855,-0.020568,-0.666677,-0.122771,0.069832,1.294768,-0.287994,-0.090792,-0.044821,-0.066227,0.327973,-0.478821,0.306676,-0.585150,0.763339,-0.054728,-0.018084,0.193478,-0.120238,-0.392052,0.712638,1.033958,-0.008667,0.029197,-0.125280
1.527020,0.196185,0.751296,0.007036,0.061670,0.056651,0.996463,0.058594,-0.041785,0.157952,0.281507,-0.441741,-0.033144,-0.739058,-0.128419,0.015072,1.058568,-0.268415,-0.088205,-0.110433,-0.044686,0.311811,-0.580614,0.329543,-0.595809,0.655137,-0.039325,-0.012844,0.178751,0.006445,-0.454139,0.654181,1.056784,0.012512,0.035219,-0.129907
1.585132,0.205070,0.748181,-0.002823,0.066886,0.073533,0.995043,0.169089,-0.026275,0.130042,0.179911,-0.405124,-0.045874,-0.762576,-0.133374,-0.054777,0.762352,-0.239783,-0.059228,-0.177420,-0.020251,0.291196,-0.658843,0.367955,-0.608715,0.531464,-0.026057,-0.017849,0.171526,0.149964,-0.528694,0.574386,1.032501,0.036234,0.035206,-0.145781
1.649993,0.215459,0.741902,-0.009255,0.069444,0.089935,0.993481,0.266064,-0.012617,0.096782,0.139345,-0.366387,-0.059275,-0.755789,-0.134502,-0.123457,0.482369,-0.217016,-0.018033,-0.242821,0.001112,0.271321,-0.705492,0.418493,-0.613445,0.402165,-0.014206,-0.021984,0.170121,0.310654,-0.604085,0.474250,0.970262,0.062880,0.031599,-0.161069
1.719194,0.226066,0.733323,-0.005702,0.068991,0.106465,0.991904,0.351418,-0.010139,0.066164,0.139536,-0.292653,-0.068304,-0.768380,-0.147954,-0.159532,0.362413,-0.228131,0.017795,-0.309281,0.006774,0.255379,-0.717289,0.468312,-0.604264,0.280540,0.013300,-0.018043,0.165091,0.470459,-0.669258,0.346954,0.890572,0.099641,0.023376,-0.187378
1.787477,0.234952,0.727858,-0.001138,0.068137,0.116929,0.990799,0.395555,-0.000812,0.044528,0.226131,-0.181275,-0.063275,-0.776677,-0.153882,-0.183538,0.390563,-0.282502,0.034552,-0.361185,0.015197,0.243718,-0.675423,0.505698,-0.588303,0.175008,0.040025,-0.009250,0.165232,0.593043,-0.695200,0.223595,0.835425,0.162046,0.016167,-0.231168
1.854644,0.242481,0.727585,-0.007529,0.068107,0.116084,0.990873,0.350294,0.029061,0.035036,0.474313,-0.066087,-0.057310,-0.745668,-0.117107,-0.198081,0.450707,-0.297528,0.010060,-0.375305,0.046307,0.241197,-0.579596,0.525109,-0.570737,0.109462,0.061372,0.000612,0.159171,0.626142,-0.671770,0.168235,0.832018,0.233066,0.003353,-0.264437
1.923411,0.249556,0.728780,-0.019363,0.067614,0.111533,0.991269,0.253907,0.068759,0.019439,0.779950,0.058125,-0.069689,-0.722535,-0.069761,-0.190931,0.567062,-0.282962,-0.038659,-0.363822,0.082797,0.254687,-0.470425,0.520646,-0.561060,0.102341,0.097528,0.016897,0.153304,0.573582,-0.618457,0.185644,0.861074,0.290206,-0.013588,-0.262027
1.990516,0.257199,0.726602,-0.028804,0.063499,0.101741,0.992364,0.143466,0.100146,0.010902,1.062048,0.053881,-0.073236,-0.694794,-0.031605,-0.175789,0.706215,-0.290285,-0.068346,-0.328216,0.102732,0.281535,-0.366921,0.502622,-0.567193,0.163839,0.141667,0.027463,0.160562,0.454389,-0.544711,0.280700,0.909065,0.313166,-0.025742,-0.237720
2.053985,0.265222,0.722663,-0.037380,0.058484,0.082622,0.994161,0.011197,0.146087,0.024930,1.295972,-0.103525,-0.040642,-0.637932,0.005502,-0.172852,0.806013,-0.359934,-0.053285,-0.259580,0.112731,0.312526,-0.278547,0.478471,-0.599044,0.303515,0.159717,0.033073,0.176932,0.281945,-0.462042,0.433580,0.954543,0.284946,-0.036514,-0.212605
2.121692,0.275042,0.718204,-0.046362,0.054000,0.055416,0.995924,-0.157735,0.214421,0.049600,1.482779,-0.284622,0.017702,-0.565534,0.052021,-0.156785,0.861815,-0.440253,-0.036134,-0.162911,0.123226,0.344203,-0.216301,0.464428,-0.651398,0.499382,0.146702,0.021548,0.185555,0.070690,-0.390013,0.588357,0.978909,0.202334,-0.056732,-0.194419
2.189760,0.286581,0.712539,-0.045711,0.046926,0.024300,0.997556,-0.346725,0.245574,0.062423,1.594559,-0.419443,0.062009,-0.477431,0.076186,-0.116526,0.910484,-0.544105,-0.014595,-0.067924,0.115785,0.377014,-0.160222,0.463412,-0.718465,0.718692,0.154230,0.011748,0.176313,-0.173586,-0.344729,0.712923,0.954071,0.089138,-0.078887,-0.185493
2.257216,0.299234,0.704985,-0.040507,0.038745,-0.007820,0.998397,-0.541794,0.244744,0.056367,1.613386,-0.498337,0.075784,-0.370187,0.078923,-0.062784,0.939359,-0.638862,0.014872,0.023887,0.105218,0.402030,-0.074381,0.470340,-0.766359,0.908789,0.190349,0.014042,0.152277,-0.420334,-0.337073,0.780341,0.874191,0.018077,-0.095990,-0.178279
2.321516,0.311980,0.697671,-0.033411,0.035008,-0.036911,0.998146,-0.726547,0.232642,0.035511,1.532524,-0.536438,0.064053,-0.249936,0.059756,-0.001374,0.933069,-0.706086,0.049437,0.109637,0.097258,0.406597,0.065221,0.476183,-0.741334,1.017470,0.209360,0.030104,0.153847,-0.661227,-0.365194,0.793271,0.771783,0.013257,-0.101383,-0.168696
2.387865,0.324645,0.691515,-0.027482,0.039630,-0.059887,0.997039,-0.887075,0.252506,0.030409,1.354159,-0.547505,0.049130,-0.124138,0.025429,0.056045,0.876102,-0.732758,0.085982,0.187297,0.091506,0.390253,0.261125,0.475752,-0.635730,1.031234,0.172291,0.028850,0.196127,-0.883552,-0.420381,0.774406,0.658658,0.062115,-0.088837,-0.166136
2.458488,0.335852,0.686938,-0.021908,0.052650,-0.075340,0.995526,-1.008250,0.287864,0.057034,1.100734,-0.486540,0.037394,0.007332,-0.020202,0.098998,0.772150,-0.702914,0.114762,0.252831,0.073940,0.357255,0.492324,0.469348,-0.494188,0.964198,0.058622,-0.010028,0.265422,-1.057569,-0.480512,0.722053,0.526932,0.123725,-0.065623,-0.194921
2.536156,0.346457,0.682752,-0.013834,0.066086,-0.085705,0.994030,-1.057298,0.296268,0.095842,0.810226,-0.372439,0.005175,0.144979,-0.079733,0.127122,0.653986,-0.599320,0.128289,0.304078,0.034099,0.321394,0.719154,0.449859,-0.375800,0.877405,-0.080317,-0.054500,0.313882,-1.160265,-0.520417,0.628533,0.353119,0.153804,-0.046097,-0.243003
2.619010,0.357308,0.679977,-0.009388,0.073086,-0.092303,0.993001,-1.030012,0.288492,0.131748,0.547742,-0.264264,-0.046299,0.280824,-0.132336,0.130595,0.552285,-0.410389,0.110287,0.346300,-0.007009,0.283573,0.884230,0.415428,-0.301675,0.841562,-0.208573,-0.070082,0.331741,-1.149892,-0.526046,0.496855,0.123973,0.150699,-0.045994,-0.280050
2.708402,0.369228,0.678351,-0.019639,0.076301,-0.089437,0.992871,-0.994567,0.302392,0.145672,0.446421,-0.223563,-0.044608,0.389922,-0.143996,0.104579,0.495247,-0.169345,0.068465,0.360413,-0.021520,0.253132,0.912892,0.382879,-0.270797,0.904985,-0.274860,-0.062348,0.334001,-1.007506,-0.480253,0.380158,-0.126616,0.135559,-0.070656,-0.283045
2.797624,0.381675,0.678886,-0.028315,0.076916,-0.073098,0.993951,-0.974122,0.306993,0.139293,0.541650,-0.221759,0.016396,0.434456,-0.126818,0.075495,0.569678,-0.004623,0.040772,0.339996,-0.038421,0.258328,0.759656,0.371131,-0.293276,1.037441,-0.282206,-0.047233,0.351792,-0.756916,-0.399400,0.348289,-0.307909,0.123591,-0.097119,-0.257794
2.886976,0.393416,0.678894,-0.021714,0.071788,-0.047183,0.996067,-0.977444,0.270271,0.108390,0.778613,-0.099379,0.039768,0.373563,-0.074184,0.084642,0.848729,0.054765,0.110248,0.290556,-0.084166,0.315815,0.472232,0.405495,-0.390647,1.128940,-0.256732,-0.068746,0.394413,-0.484170,-0.318339,0.402318,-0.286325,0.155145,-0.143931,-0.168191
2.967850,0.404196,0.679783,-0.007434,0.049865,-0.017011,0.998583,-0.894231,0.194613,0.090413,0.942005,-0.144078,-0.019423,0.224699,-0.012997,0.086853,1.294693,-0.034095,0.159944,0.205138,-0.136166,0.407909,0.141532,0.471100,-0.527779,1.135722,-0.216859,-0.120958,0.370178,-0.326306,-0.248835,0.511586,0.103733,0.186067,-0.183743,-0.089830
3.039557,0.415745,0.683785,0.006556,0.033024,0.020035,0.999232,-0.792602,0.092232,0.069007,1.035807,-0.280800,-0.016482,-0.009077,-0.002893,0.047846,1.715604,-0.192549,0.139814,0.100420,-0.185394,0.476458,-0.231992,0.551234,-0.606737,1.052570,-0.075439,-0.115630,0.339668,-0.249275,-0.224587,0.624478,0.714027,0.148116,-0.181257,-0.142560
3.100419,0.426098,0.696339,0.003518,0.024823,0.059042,0.997941,-0.685696,0.020881,0.031196,1.039518,-0.387630,-0.004044,-0.302393,0.022625,-0.001230,1.985923,-0.298511,0.155525,-0.001911,-0.197358,0.489864,-0.588819,0.619790,-0.541919,0.832711,0.036974,-0.072177,0.356597,-0.026224,-0.337259,0.613639,0.931041,0.162984,-0.138851,-0.209258
3.152901,0.436870,0.720780,-0.000730,0.017878,0.087982,0.995961,-0.511954,-0.019774,-0.014743,0.941132,-0.456163,-0.001862,-0.633611,-0.003497,-0.011922,2.115783,-0.340514,0.191421,-0.098619,-0.189614,0.462193,-0.906304,0.658374,-0.460326,0.590704,0.019887,-0.097345,0.421357,0.288692,-0.538250,0.523988,0.929593,0.221024,-0.087898,-0.183485
3.225041,0.450005,0.759567,-0.013579,0.001282,0.089907,0.995857,-0.227550,0.007870,-0.055863,0.700194,-0.428380,-0.014301,-0.867077,-0.100478,-0.045598,2.117200,-0.343325,0.122441,-0.169945,-0.141004,0.420769,-1.084394,0.693378,-0.349426,0.385483,-0.022957,-0.104205,0.437215,0.632256,-0.754952,0.365336,0.769762,0.244049,-0.054684,-0.067197
3.319490,0.462476,0.810454,-0.034632,-0.015952,0.067369,0.996999,0.063244,0.067906,-0.039078,0.429390,-0.218721,-0.024475,-0.986413,-0.177744,-0.100738,2.072798,-0.331868,-0.008369,-0.199682,-0.064748,0.377934,-1.095018,0.751440,-0.220215,0.162085,0.003318,-0.111046,0.435403,0.867410,-0.939906,0.211357,0.600584,0.256706,-0.018194,0.015835
3.403447,0.471059,0.863291,-0.047588,-0.030191,0.048734,0.997221,0.157355,0.091988,0.019261,0.483498,-0.010795,-0.022944,-1.037068,-0.208657,-0.116224,1.996704,-0.334139,-0.076692,-0.212812,-0.013769,0.365232,-0.959195,0.800381,-0.106903,-0.009503,0.009378,-0.145353,0.416917,0.875008,-1.053956,0.148259,0.498919,0.278168,-0.006685,0.017822
3.472468,0.478023,0.914689,-0.055663,-0.042952,0.041643,0.996656,0.113629,0.117854,0.089038,0.750540,-0.055663,-0.006889,-1.043979,-0.224115,-0.137288,1.872728,-0.369812,-0.106322,-0.214446,0.012106,0.406071,-0.781456,0.793238,-0.050722,-0.068739,-0.021281,-0.163986,0.394099,0.700253,-1.097445,0.185828,0.430432,0.285218,0.001493,-0.033451
3.526932,0.483403,0.958497,-0.057826,-0.049498,0.042016,0.996213,-0.051988,0.100453,0.086907,1.082469,-0.127100,-0.036719,-1.034348,-0.227802,-0.161982,1.704691,-0.419870,-0.094186,-0.197102,0.016522,0.465085,-0.663862,0.751662,-0.082063,-0.021558,-0.024332,-0.150049,0.365771,0.458939,-1.072762,0.245871,0.360860,0.252125,-0.014590,-0.103627
3.578661,0.486823,0.992762,-0.059178,-0.052935,0.046799,0.995744,-0.288636,0.097811,0.098714,1.474627,-0.267863,-0.047984,-1.006533,-0.192632,-0.183357,1.517243,-0.472588,-0.009973,-0.169580,0.009444,0.511442,-0.611232,0.714811,-0.167035,0.116312,-0.027807,-0.112527,0.343862,0.213438,-1.007314,0.302253,0.312971,0.189605,-0.050882,-0.165073
3.626146,0.488133,1.015767,-0.062080,-0.060659,0.051803,0.994878,-0.508402,0.134168,0.132567,1.823206,-0.450720,-0.036070,-0.991486,-0.149746,-0.190844,1.411287,-0.482991,0.061217,-0.139712,-0.002523,0.533482,-0.575171,0.689007,-0.273599,0.309413,-0.015341,-0.078004,0.331697,-0.013679,-0.922661,0.375094,0.325796,0.127755,-0.072904,-0.191114
3.679605,0.488318,1.028595,-0.060707,-0.069370,0.055937,0.994170,-0.719968,0.131817,0.150246,2.040584,-0.595750,-0.042443,-0.997158,-0.123991,-0.182762,1.416407,-0.485795,0.126457,-0.116395,-0.022650,0.541121,-0.530562,0.681169,-0.382967,0.515045,-0.001904,-0.064298,0.319774,-0.205640,-0.819077,0.443090,0.394584,0.068466,-0.075229,-0.187621
3.739221,0.489942,1.035955,-0.054586,-0.079186,0.058763,0.993628,-0.886513,0.116063,0.152283,2.071769,-0.651646,-0.068840,-1.011842,-0.123081,-0.166480,1.516838,-0.519181,0.175901,-0.094320,-0.046857,0.544029,-0.479353,0.686652,-0.484268,0.710499,0.001359,-0.056194,0.284249,-0.342968,-0.706545,0.502710,0.481270,0.032831,-0.073892,-0.175768
3.799120,0.493486,1.035686,-0.047550,-0.085994,0.058333,0.993449,-0.953960,0.148399,0.159767,1.930750,-0.608369,-0.079438,-1.052292,-0.151011,-0.149193,1.695975,-0.573437,0.167138,-0.078975,-0.067839,0.541583,-0.409921,0.703137,-0.584689,0.862513,0.013690,-0.035599,0.247184,-0.432313,-0.609603,0.546489,0.545132,0.019964,-0.073503,-0.147521
3.847899,0.497729,1.026574,-0.038221,-0.092298,0.057956,0.993308,-0.900777,0.192460,0.175821,1.672944,-0.475522,-0.074383,-1.090598,-0.175910,-0.124440,1.884031,-0.641307,0.151802,-0.081092,-0.090688,0.537204,-0.299007,0.725443,-0.679881,0.934489,0.059316,-0.006234,0.216796,-0.470528,-0.543049,0.581263,0.569437,0.028208,-0.080472,-0.105996
3.908845,0.505679,1.006843,-0.037425,-0.098874,0.051583,0.993057,-0.766817,0.222525,0.167615,1.359608,-0.302127,-0.082724,-1.135170,-0.176802,-0.114459,2.046568,-0.684625,0.122945,-0.085634,-0.088878,0.527612,-0.146827,0.749291,-0.745955,0.906833,0.128255,0.020580,0.207880,-0.454533,-0.513823,0.597206,0.547538,0.040342,-0.088568,-0.078111
3.973386,0.515870,0.976627,-0.045535,-0.105430,0.037501,0.992675,-0.587424,0.223362,0.120447,1.014691,-0.123190,-0.112384,-1.183434,-0.174071,-0.132100,2.167168,-0.697117,0.071733,-0.081806,-0.058389,0.505660,0.052475,0.780213,-0.752888,0.776498,0.196280,0.036495,0.229145,-0.383417,-0.518185,0.598802,0.490749,0.055619,-0.093276,-0.071147
4.042417,0.527572,0.935822,-0.061160,-0.105633,0.016055,0.992393,-0.404687,0.223634,0.049259,0.688640,-0.030316,-0.142942,-1.233634,-0.179860,-0.182659,2.216505,-0.677764,0.004912,-0.069019,-0.004977,0.455136,0.289214,0.811837,-0.697881,0.577203,0.243366,0.042629,0.253213,-0.269893,-0.546832,0.590774,0.421259,0.084434,-0.095588,-0.069112
4.113684,0.539141,0.886635,-0.083508,-0.100535,-0.008366,0.991387,-0.244423,0.244188,-0.021867,0.433704,-0.085965,-0.165174,-1.265574,-0.190996,-0.261390,2.176818,-0.622714,-0.065150,-0.054770,0.060912,0.391133,0.509755,0.816224,-0.626444,0.394785,0.269090,0.044169,0.261034,-0.125499,-0.592957,0.564504,0.346421,0.133432,-0.104266,-0.068019
4.182005,0.549437,0.834411,-0.106664,-0.100293,-0.034878,0.988609,-0.076219,0.280813,-0.048004,0.269116,-0.245903,-0.225539,-1.255167,-0.199730,-0.365995,2.049867,-0.514163,-0.142274,-0.053728,0.128621,0.343973,0.676382,0.772760,-0.612276,0.299531,0.252750,0.032654,0.233014,0.055239,-0.656507,0.502807,0.262605,0.212011,-0.130471,-0.064488
4.251707,0.555425,0.780824,-0.072602,-0.116391,-0.044290,0.989556,0.037440,0.166791,-0.000168,0.339161,-0.249291,-0.217483,-1.207442,-0.189045,-0.335526,1.834378,-0.409295,-0.102898,-0.072023,0.073038,0.339997,0.680361,0.693918,-0.625528,0.331106,0.209972,0.008778,0.199667,0.211238,-0.693794,0.401800,0.199158,0.303654,-0.174013,-0.096887
4.312728,0.559593,0.735445,-0.020174,-0.140193,-0.038085,0.989186,-0.001626,0.033448,0.058405,0.728912,-0.512024,-0.068407,-1.110391,-0.176130,-0.235268,1.522782,-0.405457,-0.048816,-0.104503,-0.016007,0.363381,0.561731,0.621571,-0.655244,0.464778,0.134124,-0.008154,0.161903,0.360256,-0.684583,0.267099,0.212576,0.404976,-0.216602,-0.171482
4.382314,0.562222,0.706694,-0.017059,-0.151662,-0.030542,0.987813,0.044306,0.012932,0.056671,0.914190,-0.696672,-0.040456,-0.939440,-0.147102,-0.232517,1.051754,-0.355921,-0.054472,-0.141370,-0.003483,0.373150,0.399450,0.538889,-0.642670,0.625748,0.107754,0.012046,0.134737,0.467687,-0.643784,0.196028,0.390559,0.464756,-0.227536,-0.246729
4.451192,0.561581,0.694077,-0.009591,-0.154286,-0.010788,0.987921,0.139758,-0.016306,0.035025,0.931967,-0.780234,0.006810,-0.742528,-0.121107,-0.210840,0.532151,-0.228027,0.009844,-0.184052,-0.004624,0.344010,0.280188,0.468583,-0.562922,0.657537,0.112097,0.031017,0.142566,0.534676,-0.620027,0.221284,0.614552,0.505156,-0.192053,-0.290560
4.520333,0.559577,0.687345,0.012659,-0.152827,0.021288,0.987943,0.264852,-0.069054,0.002356,0.875498,-0.808927,0.059822,-0.561462,-0.140918,-0.165687,0.101469,-0.124181,0.119644,-0.231483,-0.047472,0.292321,0.170502,0.423905,-0.477808,0.569233,0.120178,0.028785,0.158452,0.580634,-0.613738,0.293396,0.771481,0.504535,-0.128262,-0.278612
4.585291,0.556630,0.683367,0.024905,-0.133165,0.044344,0.989788,0.339298,-0.079517,-0.025883,0.837721,-0.797886,0.085351,-0.497083,-0.168454,-0.149635,0.012407,-0.131083,0.170309,-0.260567,-0.069663,0.235487,0.036530,0.409572,-0.441920,0.434429,0.101694,0.012064,0.175713,0.585447,-0.599967,0.379164,0.832832,0.438157,-0.099944,-0.227395
4.646509,0.553942,0.679308,0.022369,-0.103842,0.049600,0.993104,0.367774,-0.055838,-0.026745,0.842097,-0.746976,0.086813,-0.466690,-0.152469,-0.143102,0.029927,-0.127137,0.187829,-0.266824,-0.054652,0.192012,-0.091340,0.418185,-0.435328,0.317010,0.063885,-0.001056,0.175338,0.543251,-0.582220,0.469835,0.848836,0.372618,-0.100966,-0.178365
4.709639,0.552749,0.678268,0.004601,-0.070326,0.041229,0.996661,0.344271,-0.004641,0.002564,0.928945,-0.635301,0.074185,-0.475203,-0.092575,-0.130394,0.087121,-0.005555,0.205432,-0.251114,-0.001028,0.166483,-0.199618,0.436682,-0.426205,0.236257,0.036546,0.002311,0.166991,0.453844,-0.551864,0.570517,0.866707,0.340019,-0.102986,-0.147859
4.767490,0.553323,0.686999,-0.011093,-0.046558,0.029223,0.998426,0.258719,0.058394,0.038490,1.120481,-0.399237,0.027410,-0.602403,-0.053221,-0.068524,0.363600,0.127385,0.214077,-0.224865,0.048891,0.177441,-0.286321,0.443647,-0.392125,0.206140,0.042852,-0.013541,0.184376,0.320292,-0.512572,0.678089,0.915014,0.316978,-0.095824,-0.138482
4.822791,0.555292,0.697734,-0.014041,-0.049427,0.024734,0.998373,0.145484,0.103439,0.065454,1.375075,-0.193094,-0.015276,-0.585411,-0.044125,-0.053490,0.494343,0.067254,0.246243,-0.200078,0.055652,0.230657,-0.339114,0.429105,-0.380954,0.216636,0.043661,-0.012942,0.219588,0.168206,-0.474397,0.786191,0.951674,0.262131,-0.090272,-0.151978
4.873743,0.556390,0.710310,-0.017866,-0.051751,0.033018,0.997954,-0.023629,0.156933,0.066353,1.597469,-0.244186,-0.025768,-0.532026,-0.050922,-0.075587,0.553478,-0.001493,0.248196,-0.173951,0.057179,0.268304,-0.376334,0.410782,-0.411767,0.253707,0.053828,-0.011873,0.234936,0.024193,-0.440525,0.856860,0.948749,0.221377,-0.085319,-0.179661
4.921809,0.557707,0.726670,-0.013579,-0.056324,0.041640,0.997451,-0.195758,0.153198,0.062430,1.679353,-0.313762,-0.033128,-0.457788,-0.067711,-0.089594,0.585344,-0.081402,0.235230,-0.136582,0.045006,0.292955,-0.382317,0.391403,-0.452433,0.280945,0.072624,-0.016194,0.225671,-0.101662,-0.424634,0.873956,0.924387,0.201109,-0.087257,-0.211896
4.969355,0.560036,0.741602,-0.007560,-0.062889,0.042958,0.997067,-0.332802,0.129073,0.071250,1.632327,-0.357667,-0.047952,-0.366629,-0.075774,-0.086046,0.590212,-0.150333,0.224761,-0.085886,0.037701,0.309758,-0.351299,0.380026,-0.488535,0.296310,0.092971,-0.022610,0.210786,-0.205411,-0.432761,0.860273,0.882911,0.197328,-0.094092,-0.239217
5.018663,0.563247,0.752959,-0.005655,-0.069263,0.038836,0.996826,-0.424819,0.131598,0.089652,1.485247,-0.376447,-0.050042,-0.272609,-0.070993,-0.079320,0.586035,-0.208418,0.201807,-0.029787,0.042706,0.318337,-0.284590,0.380446,-0.515095,0.307752,0.121202,-0.029763,0.203485,-0.290837,-0.464964,0.837505,0.823837,0.204992,-0.103756,-0.258013
5.070142,0.567677,0.760428,-0.007477,-0.073696,0.031419,0.996758,-0.468759,0.148636,0.100756,1.252711,-0.371547,-0.052058,-0.181455,-0.058588,-0.074108,0.574135,-0.258039,0.177710,0.023690,0.054079,0.316957,-0.185320,0.392480,-0.525083,0.325435,0.148986,-0.040679,0.210061,-0.356807,-0.511607,0.809370,0.751135,0.222241,-0.112475,-0.271777
5.123398,0.574066,0.765228,-0.010672,-0.074691,0.021645,0.996915,-0.464831,0.166169,0.104174,0.938307,-0.325020,-0.056847,-0.096866,-0.045023,-0.063811,0.553981,-0.298616,0.162682,0.069789,0.064032,0.303465,-0.063339,0.407942,-0.514178,0.361994,0.162136,-0.055079,0.229652,-0.402673,-0.560218,0.780634,0.672445,0.248369,-0.118420,-0.273350
5.178135,0.581891,0.767229,-0.013673,-0.072876,0.010250,0.997195,-0.416768,0.169856,0.100841,0.570800,-0.250611,-0.067703,-0.017065,-0.034106,-0.045537,0.530936,-0.336816,0.160911,0.105605,0.068218,0.281481,0.068665,0.420072,-0.486084,0.421395,0.150105,-0.068574,0.252778,-0.429440,-0.601558,0.754681,0.594862,0.277938,-0.119573,-0.257337
5.230246,0.589564,0.764871,-0.020574,-0.071235,-0.005308,0.997233,-0.352328,0.182660,0.109563,0.250226,-0.187826,-0.090202,0.055047,-0.020019,-0.023623,0.525458,-0.379197,0.167911,0.138234,0.078031,0.254851,0.195801,0.425940,-0.445629,0.507823,0.112552,-0.073180,0.269931,-0.436013,-0.632810,0.717094,0.520857,0.292135,-0.113585,-0.231274
5.278137,0.596970,0.758182,-0.029664,-0.072322,-0.021464,0.996709,-0.322737,0.209187,0.133567,0.117409,-0.168789,-0.107724,0.114937,-0.008363,-0.001263,0.555890,-0.414769,0.179823,0.161563,0.091559,0.228622,0.315381,0.421258,-0.400996,0.608460,0.071951,-0.068319,0.265760,-0.423783,-0.656484,0.669299,0.448018,0.291809,-0.107505,-0.209829
5.325310,0.603794,0.749157,-0.034449,-0.074725,-0.035964,0.995960,-0.281708,0.222642,0.173423,0.105085,-0.141983,-0.129551,0.149230,-0.015650,0.021375,0.646066,-0.455422,0.190798,0.172665,0.096920,0.199164,0.416895,0.409044,-0.360268,0.714560,0.012857,-0.056112,0.242442,-0.384464,-0.669779,0.612177,0.369309,0.286966,-0.102924,-0.184740
5.367894,0.610283,0.742201,-0.008817,-0.068815,-0.046191,0.996521,-0.350712,0.166028,0.169392,0.294941,0.026625,-0.038270,0.097731,-0.088762,0.065149,0.842033,-0.466340,0.222934,0.184339,0.036862,0.177724,0.472022,0.393777,-0.332315,0.822549,-0.019917,-0.037154,0.180996,-0.331806,-0.671604,0.535640,0.292213,0.287437,-0.105507,-0.159927
5.405530,0.615439,0.735875,-0.004298,-0.077644,-0.052317,0.995598,-0.408216,0.178213,0.149034,0.558507,0.027564,-0.023052,0.060515,-0.096964,0.109578,1.062074,-0.422311,0.231588,0.181327,0.019095,0.182302,0.492053,0.392929,-0.343785,0.926811,-0.040689,-0.008221,0.127077,-0.264967,-0.652909,0.455336,0.230216,0.300455,-0.109989,-0.160031
5.437999,0.617310,0.734492,0.009353,-0.081273,-0.044993,0.995632,-0.394237,0.146441,0.157277,0.649796,-0.055341,-0.021439,0.010559,-0.104051,0.159751,1.237327,-0.444003,0.254377,0.155190,-0.016721,0.195240,0.458062,0.400883,-0.378095,1.014669,-0.024387,0.030412,0.077587,-0.180987,-0.624278,0.392707,0.200154,0.270143,-0.119790,-0.166537
5.466028,0.617494,0.743036,0.000362,-0.078792,-0.034286,0.996301,-0.363983,0.151206,0.130287,0.657660,-0.097814,-0.032936,-0.046669,-0.094255,0.143849,1.294817,-0.477629,0.243455,0.119668,-0.007355,0.199643,0.408627,0.403412,-0.391141,1.055778,0.008040,0.064188,0.067779,-0.094276,-0.585365,0.369813,0.215619,0.227034,-0.114645,-0.159814
5.490646,0.617733,0.755988,-0.007133,-0.074278,-0.023745,0.996929,-0.306623,0.148928,0.108737,0.594566,-0.110109,-0.046423,-0.111606,-0.104883,0.118449,1.251358,-0.487733,0.239175,0.084171,0.001860,0.202480,0.367995,0.397255,-0.363584,1.038202,0.017622,0.075245,0.102087,-0.032150,-0.547230,0.389399,0.291966,0.172125,-0.094783,-0.145273
5.511348,0.616683,0.768170,-0.011554,-0.067252,-0.013898,0.997572,-0.253461,0.143336,0.092457,0.515798,-0.103958,-0.059547,-0.175043,-0.135331,0.086074,1.117874,-0.458579,0.236240,0.051969,0.007091,0.199184,0.344554,0.383644,-0.309520,0.971574,-0.003718,0.053971,0.155082,0.004944,-0.516264,0.431832,0.399161,0.105879,-0.070742,-0.119359
5.533756,0.613498,0.776261,-0.014177,-0.059348,-0.005260,0.998123,-0.219278,0.141449,0.079813,0.466037,-0.102859,-0.072620,-0.206625,-0.187413,0.031440,0.896762,-0.383179,0.225756,0.026373,0.009813,0.190025,0.327680,0.372747,-0.276147,0.890761,-0.040343,0.019781,0.193843,0.037877,-0.492587,0.471163,0.496295,0.052900,-0.047111,-0.085589
5.558434,0.608769,0.778789,-0.010169,-0.052275,0.007035,0.998556,-0.199254,0.128489,0.065185,0.446203,-0.115329,-0.078165,-0.191294,-0.247653,-0.024266,0.611225,-0.270363,0.224059,0.003455,-0.000739,0.179469,0.306970,0.376152,-0.284333,0.817708,-0.062825,-0.009323,0.208352,0.082254,-0.476396,0.498933,0.556703,0.016864,-0.024910,-0.057248
5.582315,0.601502,0.776543,-0.001776,-0.046514,0.026501,0.998564,-0.190850,0.105851,0.043828,0.455636,-0.144635,-0.078776,-0.164140,-0.293314,-0.029666,0.373511,-0.140080,0.230587,-0.018493,-0.020693,0.170544,0.277187,0.397044,-0.314824,0.758850,-0.083511,-0.029126,0.215258,0.133563,-0.464907,0.513895,0.581728,-0.007161,-0.009623,-0.030652
5.603359,0.593068,0.773727,-0.000593,-0.044461,0.047309,0.997890,-0.197802,0.099433,0.009038,0.495995,-0.183662,-0.085259,-0.161647,-0.304617,-0.005519,0.299627,-0.013730,0.233261,-0.034922,-0.027628,0.172314,0.235422,0.425452,-0.328344,0.728513,-0.103775,-0.042901,0.223731,0.171076,-0.452965,0.522214,0.599714,-0.010817,-0.007400,-0.008126
5.621044,0.585291,0.772650,-0.000586,-0.047629,0.064339,0.996791,-0.190022,0.099297,-0.022504,0.528787,-0.213778,-0.102741,-0.140963,-0.306683,-0.034748,0.332211,0.044960,0.261897,-0.041213,-0.030934,0.183989,0.190469,0.447097,-0.328381,0.735391,-0.134533,-0.049444,0.236518,0.190716,-0.441124,0.536965,0.615322,-0.003586,-0.002523,-0.002415
5.636642,0.579698,0.773170,-0.003467,-0.050907,0.068924,0.996316,-0.171451,0.112351,-0.038360,0.547933,-0.238908,-0.111375,-0.125428,-0.299730,-0.059420,0.387047,0.002488,0.256467,-0.035612,-0.025227,0.191011,0.156079,0.450163,-0.327956,0.758940,-0.162587,-0.039701,0.236505,0.176811,-0.435464,0.557765,0.625416,0.004030,0.001240,0.009490
5.652099,0.575105,0.775329,-0.008522,-0.052308,0.062295,0.996650,-0.140201,0.138174,-0.032896,0.540437,-0.251144,-0.116689,-0.110034,-0.276321,-0.058540,0.401935,-0.008846,0.251356,-0.024144,-0.011065,0.188346,0.147656,0.437655,-0.329749,0.767903,-0.170392,-0.022069,0.230430,0.150729,-0.433718,0.563098,0.609259,0.010574,0.003917,0.023113
5.668269,0.570431,0.778808,-0.009736,-0.050150,0.052088,0.997335,-0.097292,0.156868,-0.013382,0.495361,-0.243084,-0.120964,-0.093842,-0.258259,-0.048773,0.387314,-0.008921,0.250811,-0.016376,-0.003667,0.175742,0.160368,0.421857,-0.339013,0.751422,-0.158799,-0.013037,0.222705,0.125997,-0.433693,0.548871,0.554899,0.041453,0.001223,0.027632
5.683700,0.565375,0.782641,-0.011026,-0.044046,0.044192,0.997991,-0.063507,0.173050,0.004161,0.443862,-0.226955,-0.130928,-0.077704,-0.242691,-0.047431,0.353671,-0.006630,0.249840,-0.015773,0.002397,0.159157,0.181830,0.407135,-0.353490,0.721136,-0.137386,-0.013670,0.214518,0.100418,-0.433044,0.520535,0.471260,0.094501,-0.007067,0.032373
5.697022,0.560353,0.785367,-0.011494,-0.036822,0.039043,0.998493,-0.040408,0.186444,0.019840,0.398935,-0.212001,-0.145590,-0.063641,-0.231315,-0.050002,0.317779,-0.008611,0.248275,-0.017577,0.007487,0.146136,0.197486,0.397325,-0.370943,0.686293,-0.115224,-0.017758,0.204701,0.066308,-0.433998,0.502936,0.386180,0.146813,-0.019019,0.039037
5.707179,0.555404,0.786347,-0.010834,-0.029468,0.035478,0.998877,-0.026954,0.196513,0.033966,0.365424,-0.202083,-0.158885,-0.053918,-0.223453,-0.052559,0.286483,-0.017769,0.245633,-0.018808,0.012101,0.138940,0.207251,0.395539,-0.379525,0.646810,-0.094842,-0.020185,0.196381,0.022982,-0.440469,0.506757,0.308542,0.184576,-0.026798,0.049120
5.714019,0.550628,0.785926,-0.010161,-0.022070,0.032943,0.999162,-0.019827,0.205226,0.045505,0.339904,-0.198304,-0.169574,-0.049414,-0.216427,-0.055874,0.262003,-0.031951,0.242458,-0.018804,0.017266,0.136237,0.213274,0.401574,-0.371138,0.604159,-0.074826,-0.020322,0.193559,-0.022327,-0.452581,0.522410,0.238572,0.210246,-0.030175,0.067236
5.718024,0.545866,0.784699,-0.010933,-0.014792,0.031358,0.999339,-0.017566,0.216669,0.053252,0.320471,-0.200058,-0.180598,-0.047779,-0.206100,-0.060170,0.239768,-0.046139,0.239309,-0.018575,0.024509,0.135640,0.216613,0.412272,-0.346200,0.560959,-0.057050,-0.019143,0.194936,-0.063673,-0.468132,0.532380,0.176106,0.237905,-0.032809,0.090698
5.720299,0.540707,0.782895,-0.012745,-0.008112,0.031304,0.999396,-0.020172,0.229987,0.055377,0.307210,-0.206063,-0.193457,-0.044552,-0.193577,-0.067214,0.214152,-0.059644,0.236753,-0.019978,0.032332,0.136166,0.216757,0.425146,-0.312083,0.518735,-0.039025,-0.017511,0.198434,-0.095155,-0.483409,0.523608,0.120325,0.280227,-0.036608,0.115165
5.721263,0.535070,0.780454,-0.014834,-0.003020,0.033201,0.999334,-0.024119,0.243274,0.051939,0.297127,-0.214570,-0.208745,-0.036046,-0.180708,-0.077177,0.185220,-0.074947,0.234263,-0.024315,0.039539,0.138108,0.215335,0.439877,-0.278744,0.476884,-0.019685,-0.014638,0.200187,-0.112437,-0.493974,0.492394,0.072760,0.339364,-0.042335,0.137650
5.721683,0.529441,0.778121,-0.017207,0.000464,0.035374,0.999226,-0.026906,0.256442,0.045924,0.287790,-0.221609,-0.222302,-0.026437,-0.167202,-0.086809,0.160629,-0.089425,0.230017,-0.029913,0.047884,0.141237,0.216182,0.456815,-0.248177,0.431854,-0.001573,-0.008313,0.197511,-0.116331,-0.498949,0.441289,0.033504,0.410503,-0.048691,0.158278
5.722649,0.524518,0.776639,-0.019916,0.003143,0.036434,0.999133,-0.027943,0.269572,0.041465,0.276051,-0.222763,-0.232516,-0.021660,-0.153355,-0.092236,0.146061,-0.098487,0.223343,-0.034934,0.058847,0.143691,0.221012,0.472955,-0.216685,0.386518,0.013660,0.000202,0.191097,-0.109833,-0.500460,0.377772,0.003111,0.486723,-0.053193,0.174119
5.724517,0.520201,0.775861,-0.021149,0.005106,0.037447,0.999062,-0.025834,0.277554,0.036632,0.260071,-0.217329,-0.240956,-0.020568,-0.143931,-0.094945,0.140772,-0.106781,0.217655,-0.039995,0.067710,0.144527,0.229548,0.487318,-0.184586,0.342466,0.024264,0.008714,0.181720,-0.095631,-0.501338,0.308837,-0.019267,0.560057,-0.055910,0.180811
5.726943,0.516480,0.775239,-0.020876,0.005650,0.039083,0.999002,-0.022504,0.280794,0.029622,0.247959,-0.212183,-0.247421,-0.021582,-0.140062,-0.098047,0.147344,-0.120494,0.213482,-0.044690,0.073350,0.145687,0.242502,0.500723,-0.154923,0.295320,0.029406,0.012292,0.170125,-0.074113,-0.504623,0.238283,-0.040851,0.624170,-0.060048,0.178191
5.729529,0.513263,0.774651,-0.019533,0.005006,0.040896,0.998960,-0.017560,0.280604,0.023460,0.239644,-0.208814,-0.251355,-0.024622,-0.140711,-0.100909,0.164705,-0.139260,0.210427,-0.047583,0.076763,0.147021,0.257321,0.512312,-0.132070,0.245471,0.030875,0.009436,0.158116,-0.047854,-0.511224,0.168691,-0.064684,0.670914,-0.065116,0.166900
5.732076,0.510457,0.774088,-0.017692,0.003711,0.042249,0.998944,-0.010904,0.278966,0.020174,0.233748,-0.207077,-0.253378,-0.028095,-0.143776,-0.102668,0.186669,-0.159188,0.208271,-0.048888,0.079044,0.147726,0.273485,0.520553,-0.116758,0.198660,0.033864,0.003811,0.147593,-0.020447,-0.520347,0.105314,-0.089593,0.700563,-0.069423,0.149724
5.734160,0.507957,0.773586,-0.015872,0.002471,0.043036,0.998944,-0.003433,0.277143,0.019871,0.228619,-0.206843,-0.254048,-0.031978,-0.147354,-0.103262,0.208346,-0.177342,0.206732,-0.049436,0.080710,0.147116,0.290507,0.524727,-0.107373,0.159643,0.037929,-0.001536,0.139202,0.005386,-0.530011,0.051592,-0.114211,0.717264,-0.071408,0.131096
5.735478,0.505863,0.773127,-0.014531,0.001740,0.043569,0.998943,0.003611,0.275829,0.020878,0.222378,-0.208123,-0.254584,-0.036051,-0.149987,-0.103411,0.226452,-0.192242,0.205427,-0.050222,0.082206,0.145288,0.306988,0.525443,-0.102217,0.132246,0.041332,-0.005984,0.133512,0.028674,-0.538495,0.006880,-0.136442,0.726209,-0.071423,0.113944
5.736093,0.504299,0.772727,-0.013534,0.001614,0.043905,0.998943,0.009388,0.274601,0.022447,0.215661,-0.209216,-0.254838,-0.040366,-0.151975,-0.103129,0.240610,-0.203616,0.204105,-0.051725,0.083163,0.142596,0.321426,0.524213,-0.099947,0.118799,0.043315,-0.008854,0.129538,0.047886,-0.544696,-0.028266,-0.152136,0.731569,-0.071243,0.100211
5.736535,0.503270,0.772451,-0.012675,0.002020,0.043978,0.998950,0.013399,0.272974,0.024333,0.209179,-0.209416,-0.254657,-0.044680,-0.153906,-0.102210,0.250861,-0.211465,0.203499,-0.053326,0.083042,0.139666,0.332146,0.522406,-0.100269,0.118377,0.044682,-0.010861,0.126776,0.063006,-0.548300,-0.054083,-0.159920,0.735092,-0.071233,0.089245
5.736983,0.502817,0.772268,-0.011963,0.002817,0.043888,0.998961,0.016190,0.270812,0.025705,0.202303,-0.208459,-0.254383,-0.048545,-0.155819,-0.100746,0.257753,-0.216529,0.203017,-0.055087,0.081896,0.136738,0.338827,0.520898,-0.103106,0.129363,0.046214,-0.011927,0.124873,0.074591,-0.549682,-0.071437,-0.158724,0.736086,-0.071507,0.080821
5.737441,0.502907,0.772120,-0.011350,0.003941,0.043628,0.998976,0.018439,0.268333,0.027104,0.194851,-0.206962,-0.254001,-0.052198,-0.157856,-0.098817,0.262613,-0.219567,0.203432,-0.056697,0.079577,0.133971,0.342058,0.519714,-0.108210,0.149160,0.047990,-0.012776,0.124953,0.084050,-0.549423,-0.080149,-0.148272,0.733380,-0.071399,0.074388
5.737723,0.503441,0.771966,-0.010935,0.005279,0.043096,0.998997,0.020218,0.266028,0.029401,0.187419,-0.205221,-0.253558,-0.055417,-0.159571,-0.096075,0.265092,-0.220970,0.204443,-0.057743,0.076656,0.131378,0.342225,0.518055,-0.115087,0.173852,0.048227,-0.013473,0.126426,0.091522,-0.548175,-0.079512,-0.126506,0.724845,-0.070801,0.071224
5.737551,0.504427,0.771801,-0.010599,0.006763,0.042325,0.999025,0.021429,0.263611,0.032269,0.180737,-0.204006,-0.252685,-0.058499,-0.161391,-0.092850,0.266167,-0.221469,0.205847,-0.058068,0.073195,0.128914,0.339308,0.514732,-0.124271,0.202051,0.045395,-0.014181,0.129421,0.098044,-0.546367,-0.070439,-0.092778,0.708399,-0.069730,0.070342
5.737028,0.505738,0.771699,-0.010356,0.008368,0.041372,0.999055,0.021765,0.261329,0.036118,0.175666,-0.203783,-0.251284,-0.061475,-0.163350,-0.089557,0.265608,-0.220729,0.207070,-0.057490,0.069699,0.126735,0.332749,0.508746,-0.135851,0.233189,0.039745,-0.014840,0.133578,0.103091,-0.543927,-0.054004,-0.046625,0.684117,-0.067811,0.071889
5.736617,0.507259,0.771676,-0.010015,0.010036,0.040531,0.999078,0.020837,0.258629,0.040179,0.172805,-0.204591,-0.249009,-0.064226,-0.166122,-0.086955,0.263943,-0.219260,0.208302,-0.056253,0.066137,0.124892,0.321723,0.499529,-0.150959,0.267605,0.033155,-0.015736,0.138740,0.106236,-0.540750,-0.031246,0.012015,0.650341,-0.063546,0.074836
5.736887,0.508880,0.771727,-0.009591,0.011790,0.039901,0.999088,0.018737,0.255461,0.043944,0.171738,-0.205866,-0.246564,-0.066192,-0.169545,-0.085125,0.260246,-0.216657,0.209951,-0.054336,0.062940,0.123277,0.305980,0.487035,-0.170626,0.305781,0.029086,-0.016497,0.143850,0.106765,-0.536562,-0.002937,0.081942,0.606164,-0.057452,0.077261
5.737852,0.510542,0.771801,-0.009080,0.013529,0.039546,0.999085,0.016285,0.251912,0.047600,0.171994,-0.207168,-0.244059,-0.067412,-0.173461,-0.083991,0.255436,-0.213482,0.212003,-0.051722,0.060307,0.121909,0.285624,0.471306,-0.194672,0.349255,0.027848,-0.016797,0.148950,0.103939,-0.530511,0.031205,0.163461,0.552754,-0.052025,0.077129
5.739151,0.512143,0.771866,-0.008339,0.015142,0.039662,0.999064,0.013404,0.247607,0.050658,0.173234,-0.208388,-0.241803,-0.067688,-0.178252,-0.084057,0.250162,-0.210249,0.214540,-0.048643,0.057968,0.120776,0.260966,0.453912,-0.222218,0.396922,0.029086,-0.017018,0.153659,0.097741,-0.522566,0.068841,0.252715,0.495480,-0.048853,0.072283
5.740343,0.513732,0.771901,-0.007412,0.016563,0.040118,0.999030,0.010392,0.242771,0.053036,0.175137,-0.209755,-0.240113,-0.067274,-0.183722,-0.085172,0.244894,-0.207065,0.217841,-0.045260,0.055992,0.119676,0.233476,0.435965,-0.251480,0.446701,0.032602,-0.017035,0.158046,0.088727,-0.512375,0.109099,0.347765,0.443563,-0.048489,0.063311
5.741168,0.515369,0.771892,-0.006352,0.017826,0.040778,0.998989,0.007654,0.237540,0.054517,0.176475,-0.211294,-0.239255,-0.066187,-0.189740,-0.086912,0.239373,-0.204137,0.222177,-0.041277,0.054317,0.118548,0.204854,0.417871,-0.280394,0.495607,0.035886,-0.017472,0.162723,0.078676,-0.500031,0.150624,0.446365,0.402374,-0.049102,0.051638
5.741736,0.517014,0.771868,-0.005138,0.018812,0.041395,0.998953,0.004948,0.232019,0.055228,0.178944,-0.213319,-0.238899,-0.065378,-0.196215,-0.088454,0.235408,-0.201922,0.226770,-0.036752,0.052838,0.117622,0.177098,0.399961,-0.307405,0.541954,0.037079,-0.018154,0.167885,0.068076,-0.485965,0.193860,0.547803,0.374443,-0.048146,0.039353
5.742146,0.518487,0.771810,-0.003799,0.019378,0.041770,0.998932,0.002144,0.226297,0.055790,0.183358,-0.216047,-0.238041,-0.064917,-0.202892,-0.089325,0.233179,-0.200247,0.231457,-0.031559,0.051447,0.116995,0.151722,0.382457,-0.332122,0.583070,0.035892,-0.019248,0.172251,0.057535,-0.470543,0.240022,0.649440,0.354955,-0.043896,0.028048
5.742650,0.519951,0.771691,-0.002623,0.019354,0.041575,0.998944,-0.000413,0.221189,0.056548,0.190548,-0.220154,-0.236385,-0.064645,-0.208866,-0.089345,0.232459,-0.199258,0.235680,-0.025742,0.050703,0.116514,0.130472,0.365907,-0.356312,0.617086,0.034347,-0.021401,0.173486,0.047679,-0.454481,0.290101,0.746139,0.335651,-0.036184,0.021018
5.743494,0.521401,0.771550,-0.001585,0.018831,0.040808,0.998988,-0.001258,0.216644,0.058074,0.197703,-0.224454,-0.233658,-0.064215,-0.213850,-0.088151,0.232891,-0.198736,0.239438,-0.020490,0.050159,0.115608,0.114145,0.351540,-0.383483,0.642953,0.034847,-0.024694,0.170348,0.039883,-0.438918,0.343926,0.829129,0.305960,-0.026306,0.020898
5.744545,0.522648,0.771501,-0.000454,0.018261,0.040075,0.999030,-0.001439,0.212069,0.059706,0.203182,-0.227518,-0.229750,-0.063328,-0.218426,-0.086705,0.233201,-0.198132,0.242907,-0.017452,0.048192,0.113176,0.102669,0.341225,-0.415753,0.661866,0.040046,-0.029088,0.163389,0.035925,-0.424570,0.399114,0.889540,0.259405,-0.016359,0.027746
5.745587,0.523504,0.771552,0.000572,0.017966,0.039875,0.999043,-0.001907,0.207906,0.060703,0.205950,-0.229063,-0.226028,-0.061760,-0.222219,-0.085969,0.231929,-0.196478,0.245661,-0.017344,0.044263,0.108901,0.094868,0.335840,-0.451718,0.678082,0.048363,-0.033701,0.153955,0.037003,-0.411376,0.453351,0.924354,0.201287,-0.008994,0.037544
5.746124,0.524022,0.771611,0.001293,0.017785,0.040023,0.999040,-0.002470,0.204810,0.061109,0.206949,-0.229572,-0.223601,-0.059703,-0.225027,-0.086211,0.229922,-0.194390,0.247415,-0.019434,0.039022,0.103720,0.089911,0.334818,-0.487382,0.695523,0.056379,-0.037126,0.143672,0.041675,-0.398448,0.501082,0.938646,0.148408,-0.006592,0.044245
5.745882,0.524233,0.771585,0.001919,0.017436,0.039779,0.999055,-0.001874,0.202352,0.061912,0.207039,-0.229868,-0.222381,-0.058342,-0.227553,-0.085979,0.229836,-0.193159,0.248259,-0.022180,0.033198,0.099214,0.087875,0.336728,-0.518949,0.715616,0.062926,-0.038409,0.134405,0.046271,-0.385833,0.536604,0.942422,0.113952,-0.008486,0.044711
5.745061,0.524334,0.771429,0.002622,0.016868,0.038782,0.999102,0.000189,0.200149,0.063906,0.206963,-0.230278,-0.221909,-0.058595,-0.230203,-0.084504,0.232522,-0.193450,0.248543,-0.024381,0.027526,0.095974,0.088199,0.339877,-0.544081,0.738215,0.068511,-0.037199,0.126514,0.047891,-0.373830,0.559265,0.943461,0.099778,-0.012130,0.040253
5.743962,0.524419,0.771199,0.003421,0.016120,0.037098,0.999176,0.003201,0.198128,0.067453,0.207440,-0.230912,-0.221546,-0.060370,-0.232764,-0.081281,0.237254,-0.195049,0.248565,-0.025725,0.022419,0.094023,0.090114,0.343520,-0.563348,0.762420,0.074774,-0.034098,0.119596,0.045468,-0.363426,0.572466,0.943691,0.099563,-0.015618,0.033692
5.743030,0.524565,0.770955,0.004084,0.015162,0.034962,0.999265,0.006215,0.196684,0.071652,0.209452,-0.232236,-0.221084,-0.062754,-0.234705,-0.077466,0.242262,-0.197233,0.248754,-0.026265,0.018571,0.092984,0.092940,0.347061,-0.576421,0.788001,0.080809,-0.030290,0.112950,0.039549,-0.355792,0.579323,0.944056,0.105335,-0.017615,0.026753
5.742264,0.524611,0.770714,0.004624,0.013966,0.032968,0.999348,0.008690,0.195662,0.075353,0.212889,-0.234058,-0.220871,-0.064417,-0.236259,-0.074117,0.246658,-0.199231,0.249482,-0.026337,0.015685,0.092702,0.095750,0.350635,-0.585295,0.814238,0.086613,-0.026492,0.106331,0.031439,-0.351574,0.584163,0.944450,0.110522,-0.018339,0.020944
5.741799,0.524562,0.770495,0.005002,0.012571,0.031303,0.999418,0.010711,0.195060,0.077954,0.217240,-0.236395,-0.221031,-0.065224,-0.237431,-0.071622,0.250362,-0.200766,0.250695,-0.025925,0.013621,0.092937,0.098686,0.354390,-0.590468,0.839161,0.090761,-0.022891,0.099971,0.022392,-0.350536,0.589720,0.944988,0.113974,-0.017840,0.016418
5.741702,0.524575,0.770309,0.005293,0.011071,0.029881,0.999478,0.012443,0.194743,0.080081,0.221970,-0.238834,-0.221795,-0.065430,-0.238293,-0.069519,0.253265,-0.201789,0.251815,-0.025098,0.012120,0.093447,0.101755,0.358508,-0.591819,0.861384,0.092476,-0.019556,0.094249,0.013016,-0.352671,0.597834,0.945640,0.114387,-0.016111,0.012714
5.741736,0.524877,0.770154,0.005487,0.009537,0.028683,0.999528,0.014196,0.194705,0.081919,0.226203,-0.241025,-0.222737,-0.065057,-0.238616,-0.067546,0.255247,-0.202387,0.252581,-0.023936,0.011020,0.094275,0.104437,0.363253,-0.589279,0.879071,0.090329,-0.017409,0.090022,0.003842,-0.357403,0.608243,0.946513,0.110168,-0.013035,0.008964
5.741602,0.525366,0.770071,0.005626,0.008092,0.027668,0.999569,0.015949,0.194701,0.083446,0.229232,-0.242665,-0.223275,-0.064520,-0.238500,-0.065568,0.256788,-0.202488,0.252816,-0.022562,0.010261,0.095275,0.105946,0.368519,-0.584072,0.891996,0.084408,-0.016460,0.087422,-0.004962,-0.364131,0.620260,0.947678,0.103311,-0.009205,0.004860
5.741266,0.525923,0.770039,0.005662,0.006768,0.026918,0.999599,0.017605,0.194849,0.084294,0.230721,-0.243331,-0.223578,-0.063671,-0.238131,-0.064483,0.257482,-0.202073,0.252643,-0.021303,0.009807,0.096312,0.105845,0.374399,-0.578104,0.899390,0.077640,-0.016532,0.086307,-0.012813,-0.372238,0.632987,0.948970,0.096057,-0.005355,0.001124
5.740588,0.526236,0.770028,0.005648,0.005583,0.026447,0.999619,0.018986,0.195131,0.084693,0.231268,-0.243366,-0.223719,-0.063011,-0.237651,-0.063756,0.257934,-0.201423,0.252165,-0.020340,0.009475,0.097424,0.104341,0.380430,-0.572093,0.901825,0.070788,-0.016685,0.085935,-0.019679,-0.381229,0.645762,0.950343,0.088523,-0.002185,-0.002001
5.739744,0.526104,0.770055,0.005564,0.004543,0.026047,0.999635,0.019842,0.195619,0.084671,0.231566,-0.243333,-0.223771,-0.062887,-0.237024,-0.063315,0.258661,-0.200755,0.251302,-0.019683,0.009271,0.098598,0.101740,0.386150,-0.566276,0.900862,0.063436,-0.016573,0.085861,-0.025414,-0.390899,0.658530,0.951482,0.081214,0.000254,-0.004801
5.738671,0.525511,0.770130,0.005535,0.003697,0.025672,0.999648,0.020350,0.196054,0.084746,0.231525,-0.243120,-0.224019,-0.063392,-0.236516,-0.062878,0.259742,-0.200247,0.250363,-0.019439,0.008909,0.099867,0.098255,0.391166,-0.560209,0.897667,0.055292,-0.016626,0.085904,-0.030158,-0.400941,0.670780,0.952122,0.073932,0.002395,-0.007331
5.737324,0.524713,0.770225,0.005579,0.003018,0.025216,0.999662,0.020765,0.196362,0.085118,0.230877,-0.242651,-0.224460,-0.064668,-0.236183,-0.062299,0.261169,-0.200163,0.249265,-0.019622,0.008388,0.101054,0.094254,0.395246,-0.553183,0.892962,0.047005,-0.016889,0.085955,-0.034091,-0.411400,0.682342,0.952343,0.066817,0.004419,-0.009758
5.735625,0.523942,0.770285,0.005665,0.002510,0.024688,0.999676,0.020880,0.196572,0.085266,0.229813,-0.241985,-0.225141,-0.066551,-0.235931,-0.061335,0.263080,-0.200485,0.247934,-0.020378,0.007863,0.102183,0.089219,0.397878,-0.544910,0.887822,0.039542,-0.017265,0.086117,-0.037758,-0.421607,0.692752,0.953237,0.059558,0.006642,-0.012314
5.733593,0.523372,0.770321,0.005792,0.002147,0.024141,0.999689,0.020574,0.196682,0.085246,0.228577,-0.241194,-0.225756,-0.069001,-0.235707,-0.060138,0.265674,-0.201117,0.246261,-0.021663,0.007507,0.103164,0.082876,0.398642,-0.536640,0.882351,0.033821,-0.017346,0.086092,-0.041136,-0.430665,0.701463,0.955477,0.053341,0.008732,-0.014544
5.731462,0.523044,0.770353,0.005980,0.001844,0.023528,0.999704,0.020437,0.196727,0.085456,0.226837,-0.239853,-0.226228,-0.071575,-0.235337,-0.058338,0.268057,-0.201420,0.244543,-0.023174,0.007354,0.104054,0.075329,0.397820,-0.529325,0.875345,0.028938,-0.016687,0.085824,-0.044382,-0.438637,0.709481,0.959510,0.047865,0.010518,-0.016589
5.729172,0.522939,0.770390,0.006222,0.001537,0.022758,0.999721,0.020506,0.196711,0.086017,0.224913,-0.238309,-0.226612,-0.074363,-0.234861,-0.055966,0.270370,-0.201342,0.243170,-0.024437,0.007444,0.104997,0.067296,0.395772,-0.522468,0.865512,0.023542,-0.015995,0.085943,-0.047579,-0.445644,0.717318,0.965503,0.041699,0.012079,-0.018178
5.726922,0.522963,0.770426,0.006509,0.001168,0.021763,0.999741,0.021086,0.196596,0.086761,0.222743,-0.236625,-0.227105,-0.077299,-0.234186,-0.053141,0.272899,-0.201222,0.242028,-0.025358,0.007803,0.106144,0.059304,0.392478,-0.516018,0.851739,0.018837,-0.015385,0.086755,-0.050819,-0.451507,0.725389,0.973700,0.035555,0.013214,-0.018833
5.724722,0.522915,0.770457,0.006833,0.000752,0.020538,0.999765,0.022263,0.196453,0.087786,0.220566,-0.234853,-0.227945,-0.080745,-0.233247,-0.049951,0.276132,-0.201407,0.241602,-0.025830,0.008357,0.107563,0.052210,0.388503,-0.510167,0.833955,0.015763,-0.015798,0.088348,-0.054419,-0.455778,0.733302,0.982916,0.028598,0.014059,-0.017985
5.723080,0.522628,0.770436,0.007154,0.000333,0.019177,0.999790,0.023573,0.196525,0.088575,0.218949,-0.233150,-0.229030,-0.084491,-0.231973,-0.046623,0.279714,-0.202025,0.241891,-0.026126,0.009043,0.109068,0.045708,0.384579,-0.506166,0.814469,0.015075,-0.017479,0.090563,-0.058498,-0.457976,0.739860,0.991496,0.021902,0.014693,-0.016506
5.722269,0.522211,0.770394,0.007398,0.000091,0.017826,0.999814,0.024519,0.197085,0.089279,0.218062,-0.232193,-0.229706,-0.088691,-0.230299,-0.043687,0.283585,-0.203114,0.242599,-0.026790,0.009869,0.110084,0.040232,0.380775,-0.503526,0.795727,0.016351,-0.020287,0.093423,-0.062428,-0.457827,0.744418,0.998043,0.020012,0.015082,-0.014917
5.721479,0.521631,0.770348,0.007529,0.000091,0.016492,0.999836,0.025314,0.198325,0.090322,0.217401,-0.231911,-0.229684,-0.092876,-0.227830,-0.040618,0.286970,-0.204183,0.242974,-0.027743,0.010755,0.110567,0.036429,0.376850,-0.500707,0.778618,0.018674,-0.023576,0.097360,-0.066282,-0.455017,0.746672,1.002776,0.024335,0.015311,-0.013178
