0.027502,0.000000,0.777666,0.017335,0.047423,0.001611,0.998723,-0.031032,0.038741,0.283608,0.154811,-0.242456,-0.082652,-0.199479,-0.110942,-0.049094,0.457953,-0.328083,0.070764,-0.002971,-0.094272,0.209286,-0.146384,0.377283,-0.658100,1.016626,-0.073357,0.091031,0.123397,-0.155743,-0.306800,0.699098,0.935425,0.022912,-0.029002,-0.028952
0.030472,-0.002785,0.776801,0.018494,0.052646,0.000756,0.998442,-0.031899,0.040451,0.288487,0.143235,-0.243697,-0.090307,-0.208117,-0.109964,-0.050588,0.466597,-0.343373,0.068149,-0.006029,-0.100485,0.207895,-0.148659,0.385823,-0.655995,1.014877,-0.070449,0.093317,0.122421,-0.150634,-0.304916,0.694700,0.930409,0.025416,-0.027212,-0.029145
0.035786,-0.006154,0.776127,0.017646,0.058055,0.000358,0.998157,-0.034174,0.047611,0.289538,0.135358,-0.246414,-0.101835,-0.211537,-0.101958,-0.051592,0.465587,-0.352699,0.063163,-0.009251,-0.101566,0.205551,-0.148734,0.392394,-0.648807,1.015144,-0.064497,0.093281,0.124216,-0.143497,-0.301424,0.690295,0.927101,0.025652,-0.026757,-0.030383
0.041143,-0.009782,0.775860,0.014911,0.062669,-0.000745,0.997923,-0.034165,0.060620,0.290409,0.132074,-0.251764,-0.116190,-0.206693,-0.087661,-0.053113,0.452476,-0.355285,0.057900,-0.011825,-0.097119,0.202155,-0.144732,0.393133,-0.633842,1.017322,-0.057946,0.094528,0.126385,-0.136963,-0.297189,0.688677,0.928353,0.021141,-0.027359,-0.029139
0.047300,-0.013918,0.775403,0.011427,0.066085,-0.002346,0.997746,-0.034820,0.077186,0.291035,0.138996,-0.262020,-0.130500,-0.194789,-0.071606,-0.056050,0.430583,-0.357288,0.052931,-0.013832,-0.089118,0.198211,-0.139217,0.389410,-0.617883,1.016886,-0.056986,0.095255,0.128817,-0.131774,-0.294166,0.685996,0.930375,0.014614,-0.026489,-0.024679
0.054305,-0.018639,0.774268,0.006408,0.068688,-0.003586,0.997611,-0.047271,0.102575,0.288848,0.180518,-0.287540,-0.143859,-0.178439,-0.052099,-0.061377,0.406314,-0.360274,0.045761,-0.016573,-0.075795,0.193460,-0.133529,0.384636,-0.607101,1.010206,-0.055575,0.094473,0.129103,-0.126554,-0.293956,0.678334,0.930014,0.008151,-0.024300,-0.020600
0.062832,-0.023540,0.772209,-0.000847,0.070543,-0.003750,0.997501,-0.080038,0.140201,0.280177,0.273731,-0.332081,-0.155404,-0.159458,-0.027746,-0.069372,0.383896,-0.362755,0.037017,-0.019633,-0.055547,0.188453,-0.128465,0.381408,-0.604056,0.997831,-0.047329,0.092671,0.128824,-0.121654,-0.297684,0.667953,0.929278,0.006163,-0.023598,-0.018607
0.072432,-0.028360,0.769728,-0.009955,0.071060,-0.003648,0.997416,-0.130785,0.186491,0.263973,0.409304,-0.380076,-0.164856,-0.137423,0.000693,-0.075952,0.364095,-0.363311,0.027125,-0.020596,-0.028993,0.185938,-0.126666,0.379536,-0.606307,0.984578,-0.032155,0.091935,0.127980,-0.118807,-0.307422,0.662062,0.928750,0.010467,-0.026956,-0.013685
0.081388,-0.032528,0.767442,-0.017607,0.069274,-0.003626,0.997436,-0.199057,0.231168,0.239614,0.591616,-0.406985,-0.162257,-0.111153,0.025221,-0.081749,0.346362,-0.361853,0.016562,-0.019403,-0.003719,0.190248,-0.125996,0.378634,-0.607673,0.969812,-0.020618,0.091719,0.129621,-0.118729,-0.322751,0.659155,0.932790,0.018330,-0.027201,-0.007668
0.090829,-0.036438,0.766068,-0.018332,0.066316,-0.003250,0.997625,-0.271572,0.260121,0.224339,0.778505,-0.386943,-0.148350,-0.085706,0.032267,-0.084076,0.340683,-0.364162,0.008809,-0.018589,0.007880,0.197952,-0.123534,0.377961,-0.610736,0.958823,-0.012957,0.090417,0.131031,-0.120980,-0.343053,0.664174,0.941772,0.023654,-0.024846,-0.000180
0.101199,-0.039601,0.765800,-0.013842,0.063063,-0.003878,0.997906,-0.335576,0.278213,0.223754,0.946377,-0.361091,-0.120731,-0.062822,0.025622,-0.082736,0.344917,-0.369434,0.005396,-0.014814,0.009207,0.207077,-0.121214,0.377559,-0.614851,0.947904,-0.003686,0.091314,0.128541,-0.126943,-0.363405,0.674551,0.952642,0.023052,-0.019797,0.010908
0.112919,-0.042066,0.766336,-0.008283,0.060864,-0.005615,0.998096,-0.389995,0.285229,0.230296,1.064157,-0.344627,-0.099631,-0.043126,0.015688,-0.078663,0.350900,-0.369917,0.004239,-0.007852,0.007839,0.212643,-0.116176,0.376597,-0.620488,0.939990,0.006393,0.092405,0.122150,-0.132378,-0.381577,0.680824,0.961478,0.012918,-0.013038,0.023763
0.125800,-0.043962,0.767617,-0.003455,0.060518,-0.008148,0.998128,-0.438150,0.274497,0.233073,1.112723,-0.329558,-0.098345,-0.026603,0.006772,-0.073278,0.356496,-0.363604,0.005733,0.001284,0.005841,0.214256,-0.108644,0.374914,-0.624477,0.936547,0.017769,0.093350,0.115867,-0.135343,-0.396037,0.678908,0.960585,0.005053,-0.008202,0.029821
0.139879,-0.045438,0.769409,0.000672,0.062057,-0.010379,0.998018,-0.482366,0.254221,0.240365,1.093363,-0.309956,-0.109926,-0.017873,-0.001844,-0.069012,0.365085,-0.353395,0.009346,0.009908,0.003240,0.214108,-0.100480,0.373519,-0.626211,0.933038,0.029244,0.094691,0.111209,-0.138973,-0.407146,0.670408,0.949036,0.008424,-0.003447,0.026194
0.155038,-0.046405,0.771307,0.004064,0.064247,-0.012542,0.997847,-0.516927,0.231754,0.255446,1.008068,-0.280733,-0.118185,-0.013487,-0.010612,-0.068167,0.385857,-0.341300,0.011081,0.018756,0.000387,0.214770,-0.090516,0.372341,-0.627602,0.934662,0.038601,0.094466,0.113650,-0.140721,-0.416131,0.655949,0.926340,0.022624,-0.001612,0.020856
0.172248,-0.046685,0.773164,0.006843,0.067177,-0.014817,0.997608,-0.539397,0.204725,0.270594,0.858911,-0.236367,-0.123645,-0.010022,-0.018788,-0.066752,0.407174,-0.326305,0.013423,0.027751,-0.002636,0.215874,-0.082796,0.372335,-0.630975,0.939727,0.049135,0.095533,0.115280,-0.144597,-0.420701,0.640005,0.899393,0.038577,-0.001787,0.013628
0.190837,-0.046277,0.774456,0.007872,0.069988,-0.017293,0.997367,-0.543787,0.169491,0.273035,0.646881,-0.170377,-0.127248,0.004373,-0.023791,-0.064951,0.415942,-0.307559,0.017024,0.037536,-0.003546,0.218372,-0.076231,0.373923,-0.636433,0.949367,0.058664,0.097124,0.119164,-0.150525,-0.420499,0.625973,0.873009,0.048852,-0.003484,0.008867
0.211143,-0.045106,0.773628,0.004748,0.072198,-0.022552,0.997124,-0.528677,0.139877,0.273930,0.399203,-0.106375,-0.140041,0.035169,-0.018531,-0.054647,0.396901,-0.289345,0.023187,0.052875,0.003436,0.222934,-0.072707,0.376807,-0.642850,0.957949,0.073510,0.099726,0.117400,-0.163363,-0.417439,0.623132,0.854815,0.050999,-0.005428,0.005364
0.233463,-0.043239,0.769718,-0.004906,0.071549,-0.033357,0.996867,-0.498559,0.136460,0.290634,0.160776,-0.069846,-0.159448,0.085338,0.000133,-0.038289,0.354321,-0.276028,0.026955,0.077744,0.023982,0.232962,-0.072071,0.379500,-0.648626,0.965534,0.081424,0.102807,0.113494,-0.180090,-0.414498,0.628417,0.843091,0.049429,-0.007300,0.003757
0.258432,-0.040422,0.762580,-0.018703,0.070598,-0.050309,0.996060,-0.531024,0.169224,0.298645,0.100702,-0.113505,-0.175424,0.139293,0.023225,-0.017604,0.306291,-0.268951,0.028141,0.106689,0.052590,0.243583,-0.068901,0.382127,-0.646765,0.966070,0.084578,0.102257,0.106093,-0.209126,-0.410934,0.635474,0.835146,0.043570,-0.004544,0.002414
0.285109,-0.037095,0.754825,-0.026371,0.070930,-0.064325,0.995056,-0.575691,0.189291,0.300487,0.104817,-0.153582,-0.168758,0.184785,0.026609,0.000891,0.282874,-0.267087,0.038632,0.125464,0.066764,0.255082,-0.061949,0.386306,-0.636150,0.964354,0.081068,0.100802,0.104776,-0.242248,-0.404061,0.639428,0.833141,0.043964,-0.003114,-0.004816
0.312494,-0.033014,0.747101,-0.028885,0.074272,-0.072711,0.994164,-0.581960,0.186741,0.321683,0.106874,-0.155353,-0.158273,0.208016,0.017961,0.011568,0.296670,-0.270284,0.051238,0.132244,0.067613,0.261705,-0.056085,0.390008,-0.624851,0.969149,0.070239,0.099517,0.105826,-0.269619,-0.396466,0.640264,0.832174,0.048394,-0.000674,-0.018899
0.345554,-0.029788,0.742014,-0.016535,0.083680,-0.073166,0.993665,-0.586307,0.143378,0.342393,0.129640,-0.102929,-0.091116,0.195822,-0.020323,0.012709,0.361779,-0.277177,0.067632,0.124897,0.032959,0.256632,-0.053985,0.393040,-0.612675,0.982118,0.060419,0.103641,0.102533,-0.293209,-0.383368,0.637912,0.832078,0.052859,-0.000002,-0.029655
0.376463,-0.026289,0.740079,0.001863,0.091580,-0.068900,0.993410,-0.653794,0.094656,0.306936,0.285402,-0.063608,-0.003700,0.163703,-0.071837,0.006501,0.478754,-0.261665,0.075713,0.107605,-0.018789,0.252230,-0.059180,0.399785,-0.610301,1.008634,0.057954,0.108979,0.097208,-0.304635,-0.361995,0.628662,0.831757,0.056498,0.000111,-0.039959
0.408939,-0.023098,0.740254,0.013424,0.090389,-0.061993,0.993885,-0.660461,0.062719,0.288447,0.385218,-0.035312,0.017947,0.131215,-0.114727,-0.021975,0.628739,-0.201283,0.072864,0.094664,-0.056704,0.256427,-0.079262,0.405893,-0.609236,1.040218,0.049642,0.114010,0.097148,-0.296173,-0.341759,0.620540,0.829197,0.055683,0.003018,-0.052867
0.442130,-0.019606,0.742996,0.019371,0.086202,-0.053053,0.994676,-0.631202,0.039338,0.287136,0.441895,-0.060634,0.024064,0.074533,-0.159319,-0.067578,0.825280,-0.106760,0.056401,0.081626,-0.079960,0.266235,-0.107925,0.414162,-0.606880,1.053282,0.046849,0.118563,0.096843,-0.285183,-0.330466,0.622363,0.821129,0.054556,0.001754,-0.051108
0.474746,-0.015951,0.747229,0.024043,0.082244,-0.045777,0.995270,-0.583628,0.010987,0.284837,0.462254,-0.109310,0.027264,-0.020861,-0.228036,-0.119673,1.064675,-0.014507,0.011635,0.070498,-0.094344,0.274048,-0.131088,0.422920,-0.607641,1.039919,0.049310,0.121410,0.103877,-0.272161,-0.329796,0.633966,0.807569,0.046054,0.000641,-0.044750
0.507054,-0.011964,0.752637,0.028474,0.078817,-0.041714,0.995609,-0.516250,-0.018320,0.288302,0.437814,-0.145580,0.017816,-0.131704,-0.302975,-0.151026,1.286903,-0.021482,-0.047442,0.060100,-0.103002,0.277434,-0.143665,0.428257,-0.607998,1.002931,0.060681,0.118231,0.114035,-0.257154,-0.339179,0.651860,0.787762,0.036742,-0.003732,-0.044624
0.539611,-0.008514,0.759286,0.029492,0.074332,-0.037909,0.996076,-0.431031,-0.042489,0.287025,0.381800,-0.168013,0.007112,-0.239670,-0.312966,-0.138216,1.432102,-0.099875,-0.057902,0.049704,-0.103547,0.278868,-0.150440,0.428966,-0.605260,0.955409,0.074883,0.107492,0.125402,-0.236601,-0.352240,0.665837,0.767242,0.030080,-0.008149,-0.051453
0.571776,-0.006248,0.766249,0.026249,0.068330,-0.030288,0.996857,-0.332606,-0.060789,0.273526,0.304777,-0.178412,-0.004623,-0.334936,-0.288859,-0.136845,1.486094,-0.171129,-0.048911,0.034653,-0.095762,0.279957,-0.155027,0.424449,-0.598181,0.910135,0.079763,0.095230,0.133751,-0.213085,-0.361474,0.668036,0.756681,0.023270,-0.010028,-0.056036
0.603975,-0.004858,0.772403,0.018587,0.062185,-0.017488,0.997738,-0.231176,-0.069104,0.244940,0.220705,-0.179243,-0.016775,-0.411455,-0.258452,-0.164068,1.446947,-0.223194,-0.037716,0.014638,-0.079829,0.279444,-0.158126,0.414750,-0.588616,0.872257,0.076336,0.086900,0.135054,-0.189403,-0.364981,0.658458,0.754581,0.014393,-0.010745,-0.055374
0.637954,-0.003721,0.776146,0.010487,0.057234,-0.000515,0.998306,-0.138747,-0.072451,0.207037,0.148254,-0.182153,-0.024678,-0.469040,-0.207313,-0.180613,1.317360,-0.250878,0.001264,-0.008302,-0.063559,0.275975,-0.163675,0.402832,-0.581825,0.843595,0.068078,0.081245,0.128699,-0.169034,-0.366181,0.644749,0.752512,0.003893,-0.013156,-0.047047
0.673154,-0.002760,0.776320,0.006156,0.054031,0.019990,0.998320,-0.071653,-0.075770,0.168374,0.123119,-0.208696,-0.023123,-0.512993,-0.154408,-0.170325,1.121892,-0.256488,0.043223,-0.035601,-0.055579,0.272283,-0.175738,0.393663,-0.581566,0.824438,0.060631,0.078634,0.119951,-0.156767,-0.370486,0.633185,0.744750,-0.007571,-0.016412,-0.034627
0.708851,-0.002016,0.773095,0.006351,0.051434,0.041639,0.997788,-0.017615,-0.081103,0.137804,0.123669,-0.248368,-0.014543,-0.541642,-0.136394,-0.161523,0.891057,-0.241802,0.065703,-0.064142,-0.057633,0.271712,-0.197127,0.390305,-0.587505,0.816344,0.056495,0.082092,0.113579,-0.152533,-0.379302,0.623468,0.733037,-0.017408,-0.017986,-0.025476
0.745064,-0.001150,0.767022,0.010935,0.047594,0.060723,0.996959,0.037116,-0.091102,0.115641,0.133966,-0.293050,-0.004710,-0.552939,-0.148793,-0.170326,0.646001,-0.198143,0.080587,-0.088219,-0.068602,0.273085,-0.225272,0.392289,-0.595491,0.817816,0.053707,0.088671,0.107626,-0.154388,-0.390489,0.614229,0.722816,-0.028486,-0.018461,-0.018590
0.782026,-0.000101,0.759246,0.017994,0.042336,0.075393,0.996092,0.091357,-0.102233,0.100408,0.163119,-0.347094,0.003712,-0.562594,-0.173252,-0.188804,0.436077,-0.146204,0.094598,-0.105116,-0.083221,0.275636,-0.258431,0.399864,-0.599775,0.822582,0.050257,0.095578,0.100466,-0.159630,-0.402435,0.603748,0.717904,-0.038388,-0.015481,-0.008143
0.819844,0.001230,0.750320,0.023768,0.037058,0.085909,0.995330,0.135137,-0.104789,0.094603,0.218001,-0.409390,0.002692,-0.591442,-0.197133,-0.203208,0.311959,-0.108794,0.102529,-0.120380,-0.093425,0.278466,-0.289403,0.412559,-0.596144,0.823198,0.052354,0.099910,0.093968,-0.172984,-0.414721,0.591329,0.718714,-0.045675,-0.014584,0.009096
0.858991,0.001992,0.740492,0.027264,0.032216,0.094768,0.994604,0.176606,-0.098774,0.092197,0.283533,-0.466408,-0.001235,-0.627229,-0.216889,-0.213752,0.279849,-0.101718,0.122655,-0.136568,-0.100186,0.278989,-0.312803,0.435221,-0.590114,0.811460,0.049783,0.108474,0.086152,-0.182537,-0.429775,0.572381,0.714506,-0.062489,-0.009332,0.036194
0.899663,0.001840,0.730924,0.024098,0.030824,0.102811,0.993931,0.206508,-0.075596,0.084810,0.361433,-0.513005,-0.012308,-0.676660,-0.231227,-0.228844,0.337270,-0.127685,0.118464,-0.158155,-0.095566,0.271899,-0.325095,0.473609,-0.589238,0.787083,0.056117,0.118331,0.075026,-0.180226,-0.453325,0.548986,0.686813,-0.091224,-0.002263,0.079228
0.940694,0.000655,0.722448,0.015059,0.034326,0.109622,0.993266,0.229166,-0.040458,0.069582,0.427579,-0.534671,-0.029146,-0.721714,-0.233734,-0.253642,0.415389,-0.153781,0.092200,-0.183278,-0.080745,0.257743,-0.321460,0.538181,-0.600911,0.745637,0.074310,0.135798,0.058704,-0.157693,-0.490934,0.522999,0.626635,-0.126286,0.006277,0.137707
0.983737,-0.000738,0.716817,0.003402,0.044459,0.114485,0.992424,0.248648,-0.000190,0.052449,0.463864,-0.515072,-0.048870,-0.772267,-0.224665,-0.271694,0.499621,-0.144050,0.051279,-0.210856,-0.060028,0.237800,-0.300978,0.636179,-0.624629,0.680313,0.113259,0.164095,0.035483,-0.110283,-0.547481,0.493781,0.537315,-0.165596,0.017756,0.210434
1.030257,-0.002366,0.717144,-0.010592,0.058736,0.115604,0.991501,0.263416,0.044732,0.033918,0.484170,-0.425252,-0.068979,-0.817087,-0.194132,-0.281137,0.566761,-0.083082,0.008472,-0.239719,-0.033946,0.218505,-0.248791,0.770087,-0.644099,0.589909,0.174504,0.195269,0.015222,-0.033719,-0.618849,0.459916,0.437068,-0.212925,0.035521,0.281522
1.081567,-0.004105,0.725516,-0.022893,0.070586,0.111739,0.990963,0.263024,0.084452,0.009274,0.528441,-0.238036,-0.073531,-0.828804,-0.140314,-0.286131,0.590124,-0.022456,-0.015127,-0.265776,-0.013121,0.209746,-0.134449,0.929577,-0.632693,0.494252,0.249738,0.222043,0.004828,0.071107,-0.699813,0.429013,0.350899,-0.269680,0.057626,0.327123
1.137170,-0.004352,0.740437,-0.023864,0.076898,0.104362,0.991275,0.233221,0.094145,-0.013606,0.614377,0.056096,-0.060688,-0.792287,-0.091776,-0.288959,0.548634,0.037403,0.017089,-0.285029,-0.015427,0.212594,0.044172,1.086562,-0.573719,0.419272,0.298999,0.232499,-0.002907,0.195858,-0.781919,0.398110,0.286629,-0.307567,0.064295,0.337031
1.193279,-0.003379,0.754910,-0.013665,0.078089,0.093867,0.992423,0.184316,0.068021,-0.025608,0.718242,0.344906,-0.069290,-0.718502,-0.059665,-0.280094,0.456162,0.083287,0.083934,-0.290888,-0.036962,0.224164,0.248729,1.199413,-0.483415,0.381685,0.301737,0.227174,-0.015579,0.349037,-0.854842,0.335779,0.258607,-0.328464,0.052654,0.306125
1.246901,-0.002426,0.760421,-0.002413,0.077590,0.075691,0.994105,0.126607,0.028169,-0.013271,0.850284,0.413782,-0.112135,-0.664273,-0.028091,-0.241573,0.414036,0.113766,0.131062,-0.271348,-0.056613,0.240873,0.444093,1.244987,-0.382711,0.382375,0.272157,0.200855,-0.032787,0.513090,-0.903946,0.247373,0.286860,-0.335008,0.024790,0.240841
1.298325,-0.000711,0.758431,-0.000718,0.082612,0.044847,0.995572,0.017433,0.011167,0.027784,1.046091,0.287883,-0.151215,-0.648169,0.021200,-0.202622,0.449849,0.117730,0.104206,-0.215103,-0.049597,0.255989,0.629688,1.229167,-0.277438,0.416150,0.225818,0.166584,-0.045019,0.677056,-0.922661,0.149982,0.367837,-0.314255,-0.004344,0.147656
1.348794,0.002849,0.747878,-0.003931,0.087241,0.004934,0.996167,-0.144889,0.076216,0.110427,1.283270,0.094337,-0.127148,-0.671019,0.067659,-0.186367,0.626795,-0.046008,-0.025391,-0.140507,-0.030534,0.277034,0.778935,1.161386,-0.190830,0.481300,0.191219,0.134603,-0.040430,0.834941,-0.922715,0.063065,0.492758,-0.268730,-0.027943,0.036302
1.399511,0.006786,0.730924,-0.002677,0.089238,-0.031844,0.995498,-0.328565,0.172085,0.178082,1.496387,-0.104073,-0.060708,-0.682292,0.110444,-0.145400,0.804467,-0.243150,-0.098619,-0.068141,-0.025644,0.299687,0.867102,1.066207,-0.136956,0.572524,0.147227,0.109607,-0.001265,0.976795,-0.910922,0.009719,0.630518,-0.238252,-0.041262,-0.076196
1.450504,0.010489,0.710410,-0.000402,0.091067,-0.060592,0.994000,-0.532767,0.245868,0.190814,1.637072,-0.271481,0.006556,-0.685808,0.144339,-0.102139,0.970376,-0.426721,-0.126740,-0.013763,-0.030720,0.317424,0.891132,0.950269,-0.116472,0.688874,0.087492,0.091588,0.062367,1.071215,-0.890792,0.006962,0.734563,-0.203884,-0.035662,-0.142759
1.501833,0.013226,0.689688,0.001300,0.094293,-0.083285,0.992054,-0.757308,0.267389,0.159642,1.672051,-0.381374,0.049031,-0.667626,0.171947,-0.062847,1.103157,-0.584174,-0.140901,0.020083,-0.041315,0.330470,0.870307,0.821049,-0.111788,0.814677,0.032333,0.086793,0.137658,1.110218,-0.856012,0.049347,0.800706,-0.168738,-0.025615,-0.163022
1.555289,0.015345,0.673138,0.004412,0.099776,-0.102367,0.989720,-0.957834,0.250933,0.125040,1.574714,-0.447020,0.051067,-0.619798,0.188457,-0.020262,1.184431,-0.708169,-0.145994,0.037343,-0.056605,0.339691,0.804795,0.688506,-0.116666,0.936168,-0.012405,0.104746,0.201964,1.070587,-0.804129,0.125087,0.845571,-0.136095,-0.017505,-0.146968
1.613130,0.016405,0.663071,0.010716,0.106949,-0.120072,0.986929,-1.088191,0.221887,0.110444,1.352486,-0.457966,0.019011,-0.537730,0.185698,0.026841,1.205544,-0.796625,-0.143990,0.043699,-0.072701,0.346577,0.685548,0.564217,-0.137540,1.038047,-0.041498,0.134753,0.243854,0.936928,-0.730696,0.208338,0.879853,-0.098712,-0.019968,-0.127629
1.673335,0.016755,0.659687,0.017359,0.112653,-0.137714,0.983892,-1.146328,0.196642,0.110954,1.058843,-0.390368,-0.015222,-0.419921,0.164002,0.070316,1.165391,-0.847352,-0.140424,0.050539,-0.080541,0.350186,0.525507,0.466643,-0.174381,1.109209,-0.027878,0.158218,0.252388,0.744846,-0.625857,0.277838,0.898429,-0.030687,-0.035046,-0.132702
1.739172,0.015099,0.661356,0.019756,0.109893,-0.153997,0.981742,-1.116724,0.178315,0.117286,0.721334,-0.287945,-0.056988,-0.258635,0.129457,0.103413,1.075198,-0.844657,-0.137353,0.066020,-0.077976,0.356464,0.351272,0.417602,-0.224454,1.136220,0.016355,0.183071,0.239615,0.539725,-0.510038,0.354594,0.874760,0.049975,-0.060222,-0.157750
1.810924,0.011417,0.665735,0.013064,0.094307,-0.165870,0.981541,-0.998802,0.165402,0.133560,0.335015,-0.162471,-0.125887,-0.041267,0.094246,0.126694,0.930407,-0.772992,-0.129348,0.091599,-0.063630,0.362730,0.161757,0.418667,-0.277959,1.133236,0.068080,0.184178,0.226598,0.333460,-0.401682,0.464956,0.836108,0.089527,-0.089196,-0.176239
1.888577,0.006715,0.667299,-0.003930,0.072293,-0.171319,0.982552,-0.903046,0.166981,0.149403,0.110678,-0.091454,-0.152546,0.179824,0.064717,0.114463,0.780674,-0.599127,-0.108848,0.114771,-0.045034,0.353493,-0.053683,0.442468,-0.346017,1.136357,0.074011,0.167558,0.241525,0.128546,-0.321541,0.591860,0.775177,0.034064,-0.102550,-0.161937
1.961251,0.000016,0.663635,-0.013556,0.062229,-0.158229,0.985346,-0.875397,0.120829,0.145753,0.107479,-0.031381,-0.104675,0.308228,0.038949,0.072794,0.741132,-0.353721,-0.048754,0.109076,-0.058300,0.317032,-0.297287,0.472786,-0.420835,1.143961,0.060013,0.166776,0.286892,-0.103371,-0.278700,0.691927,0.671791,-0.084439,-0.083371,-0.133813
2.038473,-0.003544,0.657654,-0.002938,0.062297,-0.130930,0.989428,-0.958685,0.020498,0.099850,0.367587,0.105266,0.003624,0.317655,-0.009429,-0.005267,0.890708,-0.247397,0.040606,0.066368,-0.116917,0.276777,-0.555099,0.502984,-0.482281,1.104699,0.120547,0.188306,0.305151,-0.397157,-0.316888,0.718803,0.518220,-0.233381,-0.061003,-0.108989
2.111625,-0.003161,0.650152,-0.001659,0.043795,-0.111330,0.992817,-1.052221,-0.028190,0.080365,0.795727,0.040241,0.117624,0.227784,-0.090382,-0.114099,1.226332,-0.372861,0.039360,0.027709,-0.156333,0.283513,-0.808571,0.536594,-0.552180,1.003456,0.205594,0.194679,0.267514,-0.718613,-0.428545,0.687580,0.352888,-0.341947,-0.021139,-0.086972
2.173012,-0.001539,0.653966,-0.005452,0.014832,-0.101568,0.994703,-0.990502,-0.051946,0.104037,0.999356,-0.074155,0.166627,0.019190,-0.172700,-0.115708,1.627673,-0.512910,-0.013074,-0.004951,-0.168329,0.312827,-1.080004,0.580238,-0.641761,0.886461,0.254788,0.169488,0.169926,-1.017929,-0.578918,0.593924,0.240982,-0.326476,-0.019323,-0.078269
2.227781,-0.000542,0.665286,-0.012682,-0.017258,-0.091060,0.995615,-0.848157,-0.078140,0.117098,1.093666,-0.208460,0.206519,-0.255387,-0.186423,-0.031468,1.957553,-0.642588,-0.021205,-0.043123,-0.147955,0.352447,-1.391279,0.640262,-0.776899,0.734396,0.267859,0.164992,0.079543,-1.337836,-0.743351,0.563830,0.180819,-0.304057,-0.059717,-0.125331
2.279516,0.001581,0.688652,-0.033896,-0.045164,-0.078605,0.995305,-0.667326,-0.075781,0.097156,1.093158,-0.300560,0.226848,-0.532285,-0.097401,0.059032,2.121930,-0.698273,-0.017405,-0.086304,-0.090476,0.400717,-1.691187,0.725067,-0.922680,0.575291,0.196081,0.168934,0.069836,-1.672083,-0.887759,0.628101,0.157030,-0.313853,-0.109468,-0.226196
2.332608,0.005944,0.728808,-0.063869,-0.066662,-0.065282,0.993587,-0.463477,-0.041812,0.057476,0.984562,-0.305178,0.221604,-0.754653,0.004603,0.120422,2.107399,-0.666080,-0.011174,-0.131059,-0.018903,0.445204,-1.948226,0.804750,-1.047186,0.466288,0.106447,0.164824,0.103653,-1.984927,-1.006326,0.788871,0.166344,-0.324262,-0.151940,-0.317343
2.392540,0.012714,0.780555,-0.091790,-0.077484,-0.056663,0.991141,-0.280175,0.011793,0.020335,0.802925,-0.140328,0.191489,-0.934802,0.050586,0.138717,1.986911,-0.613144,-0.010177,-0.165473,0.038466,0.462455,-2.089917,0.850195,-1.119601,0.416339,0.077222,0.157856,0.151756,-2.223008,-1.081887,1.013715,0.203567,-0.272191,-0.180676,-0.334082
2.451758,0.022281,0.839105,-0.101331,-0.079252,-0.054210,0.990208,-0.172716,0.030900,0.023001,0.616573,0.252318,0.048837,-1.077603,0.060569,0.151899,1.834059,-0.548795,0.021198,-0.177574,0.060094,0.446881,-2.106193,0.870804,-1.123174,0.409725,0.101448,0.127478,0.195826,-2.314322,-1.117491,1.187066,0.251898,-0.220058,-0.210055,-0.328970
2.499341,0.030140,0.894628,-0.095758,-0.081904,-0.057824,0.990343,-0.132620,-0.009007,0.011059,0.465411,0.578881,-0.194889,-1.211014,0.051112,0.158058,1.712659,-0.487819,0.035897,-0.164863,0.052598,0.439350,-2.057848,0.882643,-1.114645,0.432617,0.140837,0.097342,0.227262,-2.332332,-1.152576,1.313179,0.316969,-0.178380,-0.236096,-0.311528
2.537630,0.033245,0.948104,-0.085198,-0.090535,-0.068172,0.989898,-0.192776,-0.006650,0.040153,0.470996,0.628586,-0.238742,-1.274505,0.016216,0.100221,1.525901,-0.396937,0.041747,-0.125950,0.029195,0.456669,-1.948189,0.901524,-1.075089,0.476976,0.173068,0.087372,0.265364,-2.290025,-1.174875,1.380036,0.428642,-0.155717,-0.260209,-0.303428
2.566345,0.031905,0.999202,-0.080614,-0.096572,-0.088575,0.988094,-0.335183,0.047787,0.047872,0.576760,0.532304,-0.232578,-1.254668,-0.001159,-0.023978,1.254662,-0.250566,0.027554,-0.067389,0.003925,0.481843,-1.761438,0.928820,-0.992438,0.548815,0.215484,0.089134,0.297616,-2.160227,-1.188872,1.368240,0.573191,-0.136134,-0.268949,-0.318681
2.597856,0.027575,1.045986,-0.076924,-0.100214,-0.102058,0.986724,-0.503174,0.132135,0.054299,0.707515,0.376105,-0.172845,-1.160495,-0.007165,-0.138041,0.966893,-0.077919,0.022708,-0.026646,-0.040206,0.500693,-1.514529,0.952428,-0.880030,0.627851,0.252535,0.091181,0.326248,-1.981956,-1.204067,1.317505,0.694840,-0.125366,-0.261260,-0.363686
2.639672,0.020280,1.088734,-0.068827,-0.102092,-0.102303,0.987104,-0.673143,0.201464,0.056017,0.811713,0.262105,-0.069178,-1.036539,-0.009262,-0.201719,0.712651,0.087683,0.044232,-0.009631,-0.107697,0.509872,-1.244089,0.958959,-0.787659,0.720683,0.250747,0.079792,0.353006,-1.801373,-1.216909,1.280031,0.770904,-0.132658,-0.240600,-0.426268
2.688447,0.013656,1.126070,-0.057687,-0.101737,-0.091755,0.988890,-0.839552,0.215421,0.034169,0.871219,0.223837,-0.005379,-0.935827,-0.007722,-0.206596,0.556610,0.264442,0.083088,-0.010899,-0.188482,0.514333,-0.985114,0.957724,-0.762950,0.859629,0.178621,0.053735,0.339581,-1.614692,-1.210553,1.264249,0.831047,-0.151747,-0.210972,-0.480309
2.723439,0.005200,1.148488,-0.047265,-0.097643,-0.078654,0.990982,-0.992604,0.220257,0.031359,0.885219,0.190750,0.020995,-0.895218,-0.011381,-0.185617,0.562839,0.389321,0.130471,-0.027102,-0.275606,0.513833,-0.757209,0.956503,-0.780558,1.050062,0.071146,0.021060,0.270489,-1.438098,-1.168846,1.267876,0.909721,-0.203279,-0.196877,-0.516724
2.790512,0.002697,1.159170,-0.041847,-0.090132,-0.057722,0.993375,-1.151763,0.265118,0.105871,0.866686,0.099814,0.018797,-0.886990,-0.085309,-0.280404,0.701111,0.373725,0.209975,-0.070809,-0.353540,0.512734,-0.582328,0.964012,-0.796994,1.207445,0.013273,0.046895,0.232724,-1.341408,-1.120049,1.306328,0.940915,-0.241294,-0.207889,-0.494172
2.842761,0.000031,1.160088,-0.036518,-0.090554,-0.057297,0.993571,-1.245754,0.311725,0.154537,0.830379,0.085256,0.023494,-0.796743,-0.125751,-0.377880,0.795518,0.369617,0.235448,-0.071175,-0.400171,0.509126,-0.389875,0.925463,-0.786482,1.315241,-0.046523,0.089330,0.194521,-1.241502,-1.125639,1.347089,0.860486,-0.299349,-0.221832,-0.464182
2.894660,-0.003680,1.144258,-0.031643,-0.098344,-0.064788,0.992537,-1.286457,0.347115,0.150289,0.881354,0.074441,0.010074,-0.663886,-0.090237,-0.385076,0.824582,0.363998,0.252732,-0.048937,-0.421077,0.498917,-0.182515,0.847178,-0.746629,1.361511,-0.097816,0.109163,0.185863,-1.132316,-1.187666,1.324876,0.699268,-0.326156,-0.243515,-0.441184
2.936151,-0.005504,1.113855,-0.020303,-0.107062,-0.067734,0.991735,-1.282650,0.364519,0.161518,1.013573,0.022256,0.000256,-0.511612,-0.052503,-0.334415,0.782009,0.348743,0.267851,-0.028704,-0.436530,0.480975,0.032833,0.754694,-0.688424,1.351757,-0.115642,0.115067,0.216592,-1.007419,-1.312242,1.215849,0.467407,-0.313151,-0.287010,-0.469970
2.994333,-0.007145,1.074197,-0.001114,-0.111448,-0.064997,0.991642,-1.242259,0.357823,0.195139,1.163884,-0.042903,0.002542,-0.362877,-0.043800,-0.252608,0.676408,0.332795,0.277804,-0.010256,-0.442670,0.447480,0.248134,0.663672,-0.619122,1.291046,-0.087300,0.115891,0.260711,-0.840461,-1.498072,1.017273,0.214639,-0.262539,-0.326850,-0.518841
3.054205,-0.007485,1.027144,0.021165,-0.106843,-0.059649,0.992259,-1.180905,0.338177,0.251689,1.274827,-0.105161,0.023526,-0.226397,-0.072361,-0.188566,0.511085,0.362417,0.278458,0.011843,-0.431587,0.388679,0.455688,0.590544,-0.547475,1.196006,-0.033421,0.113046,0.283086,-0.580713,-1.714172,0.728668,0.017999,-0.186058,-0.337502,-0.534021
3.113595,-0.006524,0.969998,0.042929,-0.097545,-0.051647,0.992963,-1.102782,0.311221,0.325159,1.337330,-0.163285,0.060322,-0.103871,-0.110492,-0.132239,0.337193,0.421627,0.282129,0.044824,-0.397913,0.323379,0.658123,0.556259,-0.488061,1.075854,0.014903,0.106620,0.256190,0.031306,-1.974411,0.205981,-0.092635,-0.088188,-0.325035,-0.500069
3.169818,-0.002687,0.900539,0.051884,-0.093264,-0.046306,0.993210,-1.005957,0.280261,0.370406,1.327707,-0.239402,0.103167,-0.008432,-0.105085,-0.045755,0.285348,0.443924,0.284490,0.103873,-0.326407,0.280576,0.866944,0.576078,-0.444249,0.955399,0.037606,0.100608,0.167818,1.197202,-1.981324,-1.132723,-0.129133,0.022510,-0.319458,-0.444027
3.228739,0.000879,0.825972,0.037840,-0.100495,-0.046408,0.993134,-0.918889,0.248355,0.340483,1.230179,-0.285423,0.098632,0.108214,-0.047327,-0.000422,0.388207,0.143999,0.155967,0.177256,-0.226047,0.265116,1.067819,0.637429,-0.396728,0.869758,0.063341,0.091919,0.078981,1.540587,-1.748402,-1.558098,-0.110901,0.100646,-0.309158,-0.378274
3.290687,0.000197,0.746260,0.008285,-0.114253,-0.044068,0.992439,-0.886867,0.234471,0.245092,1.123720,-0.334551,0.059618,0.245203,0.015220,-0.051920,0.518775,-0.483331,-0.041259,0.253084,-0.123529,0.267872,1.169405,0.701469,-0.384968,0.838102,0.055659,0.092571,0.029455,1.475912,-1.697346,-1.302815,-0.076091,0.061857,-0.270806,-0.323019
3.348424,-0.001030,0.693999,-0.037352,-0.114286,-0.040435,0.991922,-0.890117,0.265745,0.167665,0.997532,-0.333842,0.026084,0.313378,0.118782,-0.080553,0.620483,-0.696160,-0.114125,0.287121,-0.014125,0.306088,1.093910,0.679117,-0.398751,0.910257,0.020213,0.092691,0.003412,1.037315,-1.686845,-0.633386,-0.040062,-0.010385,-0.232726,-0.291907
3.407645,-0.001466,0.664604,-0.040527,-0.095441,-0.031024,0.994126,-0.850504,0.244092,0.193406,0.764417,-0.245589,0.008657,0.365448,0.124816,-0.094228,0.653200,-0.798825,-0.114449,0.307616,0.003333,0.350869,0.916609,0.621131,-0.425297,0.968015,-0.037446,0.099868,-0.015741,0.614908,-1.598836,-0.009437,0.020726,-0.082018,-0.197651,-0.206268
3.466210,-0.003413,0.651337,-0.031002,-0.069914,-0.017744,0.996913,-0.835135,0.200669,0.245962,0.578574,-0.169001,-0.000316,0.430897,0.105940,-0.097509,0.605048,-0.796735,-0.099033,0.321914,-0.003952,0.380916,0.682587,0.572801,-0.447743,0.993402,-0.073411,0.096259,0.002860,0.349894,-1.421407,0.367960,0.121471,-0.163280,-0.162633,-0.085911
3.525334,-0.004943,0.649208,-0.020654,-0.036635,0.001650,0.999114,-0.801659,0.130531,0.308044,0.393334,-0.091838,-0.044058,0.481534,0.092468,-0.101695,0.536742,-0.675881,-0.073640,0.324537,-0.022469,0.382118,0.452487,0.532135,-0.458296,0.965787,-0.071962,0.073090,0.077139,0.142636,-1.156110,0.616659,0.298911,-0.208733,-0.121335,0.009733
3.589201,-0.005041,0.652594,-0.016017,0.007309,0.019630,0.999652,-0.797992,0.057234,0.331934,0.305896,-0.055258,-0.072019,0.461730,0.093020,-0.098458,0.544188,-0.450189,-0.036110,0.311564,-0.052261,0.357396,0.268401,0.486165,-0.457961,0.898554,-0.046934,0.044740,0.202774,-0.012740,-0.898887,0.757957,0.455382,-0.217212,-0.089740,0.079463
3.664335,-0.003152,0.656544,-0.007827,0.046689,0.028865,0.998462,-0.893521,0.026638,0.296631,0.493700,-0.046910,0.004990,0.385843,0.079943,-0.058909,0.674366,-0.173666,0.025060,0.287706,-0.099603,0.324789,0.139056,0.441368,-0.462123,0.805204,-0.026381,0.027189,0.344147,-0.147291,-0.668405,0.857370,0.588523,-0.206477,-0.088510,0.165813
3.744390,-0.000534,0.657085,-0.002769,0.064647,0.031672,0.997402,-0.952804,0.022514,0.264581,0.724063,-0.016795,0.084203,0.300875,0.074613,-0.024527,0.888377,0.013695,0.112027,0.258395,-0.122412,0.306352,0.026990,0.405748,-0.465625,0.704094,0.013300,0.029787,0.459865,-0.262877,-0.491599,0.945105,0.700704,-0.214224,-0.108686,0.243096
3.816313,0.003569,0.650101,-0.005977,0.064229,0.038115,0.997189,-1.002687,0.037165,0.240881,1.016727,-0.197126,0.162761,0.223639,0.044559,-0.061146,1.149936,-0.015137,0.116007,0.202904,-0.111694,0.312843,-0.097597,0.378639,-0.466690,0.636446,0.062361,0.060584,0.501002,-0.356888,-0.378826,0.984844,0.757502,-0.182184,-0.120672,0.268422
3.891070,0.007713,0.647103,0.010019,0.058712,0.052301,0.996854,-0.948952,-0.011333,0.248144,1.151705,-0.357340,0.184267,0.093591,-0.049633,-0.082569,1.443647,-0.154469,0.097365,0.131739,-0.135479,0.331175,-0.248646,0.367001,-0.472591,0.597642,0.129821,0.097975,0.482276,-0.407586,-0.333869,0.990155,0.746868,-0.138362,-0.121321,0.208956
3.957691,0.011947,0.648614,0.006514,0.047988,0.061658,0.996922,-0.855788,-0.031028,0.224033,1.242003,-0.515091,0.175542,-0.037089,-0.154827,-0.123867,1.652132,-0.288479,0.031178,0.067503,-0.119759,0.346137,-0.396624,0.378251,-0.474049,0.531612,0.228562,0.138112,0.417074,-0.416362,-0.342472,0.949758,0.694413,-0.103897,-0.108817,0.122812
4.019040,0.016156,0.654147,-0.000558,0.039390,0.069229,0.996823,-0.737174,-0.038698,0.193668,1.273707,-0.639198,0.164946,-0.191355,-0.248107,-0.152332,1.786862,-0.385109,-0.034666,0.005778,-0.103020,0.355279,-0.524638,0.415007,-0.475495,0.422482,0.339985,0.169398,0.330040,-0.379695,-0.394210,0.872206,0.597529,-0.090874,-0.077494,0.059335
4.075609,0.020162,0.664290,-0.009667,0.030431,0.076060,0.996592,-0.590208,-0.033096,0.158111,1.251551,-0.725452,0.147405,-0.371030,-0.277412,-0.155523,1.832242,-0.427325,-0.076557,-0.057027,-0.090697,0.359420,-0.637263,0.473749,-0.482177,0.303935,0.453336,0.178025,0.236069,-0.297219,-0.475271,0.772799,0.455057,-0.090109,-0.037484,0.037936
4.132071,0.024109,0.680245,-0.023514,0.017889,0.078402,0.996484,-0.412806,0.000398,0.126904,1.184298,-0.761039,0.123768,-0.521529,-0.252447,-0.172961,1.755198,-0.428051,-0.100747,-0.118896,-0.075278,0.359239,-0.711505,0.545303,-0.478316,0.198465,0.546658,0.168615,0.164656,-0.171534,-0.559521,0.668920,0.307236,-0.102383,0.000268,0.043404
4.195484,0.027942,0.699596,-0.041552,0.005103,0.075938,0.996233,-0.236538,0.055892,0.106312,1.111602,-0.710768,0.089887,-0.608670,-0.203113,-0.224620,1.557801,-0.410941,-0.126541,-0.172329,-0.051378,0.348972,-0.710741,0.619021,-0.465050,0.096560,0.605612,0.153446,0.124314,-0.020055,-0.624836,0.559079,0.184443,-0.118510,0.033557,0.060733
4.269692,0.030722,0.718111,-0.054673,-0.006388,0.072984,0.995813,-0.093859,0.107083,0.097304,1.082082,-0.576473,0.054608,-0.638651,-0.121737,-0.252700,1.253661,-0.366060,-0.098220,-0.218472,-0.032976,0.331874,-0.627654,0.674369,-0.448498,0.001675,0.624109,0.138675,0.106346,0.145192,-0.668314,0.439810,0.094728,-0.134361,0.070073,0.072596
4.357737,0.033201,0.732680,-0.058461,-0.018654,0.072762,0.995460,0.001307,0.139435,0.084987,1.116410,-0.403546,0.029115,-0.606015,-0.030931,-0.223646,0.861235,-0.272718,0.003853,-0.262077,-0.024598,0.311546,-0.499213,0.695901,-0.442822,-0.060755,0.610203,0.119016,0.093683,0.313693,-0.692226,0.302805,0.031266,-0.148740,0.100498,0.075899
4.447998,0.037056,0.739238,-0.048567,-0.033160,0.074824,0.995461,0.056140,0.154846,0.083631,1.233693,-0.284953,0.045469,-0.526350,0.005804,-0.175836,0.459102,-0.149254,0.087725,-0.300251,-0.035833,0.291411,-0.367199,0.680713,-0.455812,-0.065904,0.584812,0.101038,0.077083,0.473085,-0.697542,0.157364,0.003979,-0.167778,0.137216,0.077833
4.522393,0.040101,0.734822,-0.024887,-0.046833,0.083060,0.995132,0.069210,0.167337,0.101917,1.412386,-0.277231,0.098228,-0.452430,-0.021905,-0.126981,0.173737,-0.055197,0.137288,-0.337104,-0.071586,0.270062,-0.260319,0.635638,-0.491363,0.011057,0.560428,0.082468,0.083659,0.586776,-0.686885,0.042350,0.048667,-0.197228,0.168162,0.080267
4.588811,0.040021,0.725371,-0.020381,-0.058364,0.087032,0.994286,0.013819,0.170955,0.046557,1.623699,-0.283566,0.115451,-0.435000,-0.034518,-0.149560,0.151588,-0.059567,0.101531,-0.350517,-0.073999,0.263833,-0.192867,0.576851,-0.546769,0.159748,0.529812,0.076046,0.111809,0.639753,-0.660067,-0.023132,0.175217,-0.255592,0.171625,0.086939
4.652786,0.040619,0.708274,-0.047713,-0.069788,0.074545,0.993628,-0.092665,0.156395,-0.067362,1.849311,-0.352259,0.029579,-0.461828,0.012531,-0.234976,0.326340,-0.002892,-0.015043,-0.330503,-0.019841,0.283826,-0.149200,0.525282,-0.577186,0.296581,0.516045,0.082378,0.117591,0.605199,-0.640212,-0.037490,0.327389,-0.410064,0.159955,0.116287
4.715799,0.038283,0.689363,-0.056458,-0.087401,0.063907,0.992517,-0.217312,0.149564,-0.105233,1.999219,-0.453560,0.004814,-0.534740,-0.007666,-0.264932,0.696758,-0.011699,-0.077028,-0.319571,-0.016885,0.321461,-0.134609,0.488486,-0.563637,0.418501,0.445063,0.066098,0.137576,0.513643,-0.629575,0.002572,0.485101,-0.514860,0.137434,0.128641
4.762566,0.029921,0.684415,-0.068027,-0.114296,0.051284,0.989787,-0.329635,0.217895,-0.116645,1.997242,-0.533747,0.013983,-0.448812,0.002612,-0.306951,0.849571,-0.183623,-0.110609,-0.287542,-0.012112,0.375364,-0.141204,0.448770,-0.547315,0.565713,0.387519,0.059783,0.126167,0.397774,-0.570612,0.047306,0.621455,-0.575277,0.093678,0.132054
4.796578,0.020813,0.683818,-0.068425,-0.127727,0.034999,0.988827,-0.445770,0.399381,-0.024692,1.904030,-0.600240,0.137726,-0.368348,0.006344,-0.332407,0.912233,-0.322704,-0.117626,-0.230488,-0.013141,0.395549,-0.174811,0.405851,-0.540213,0.697277,0.339933,0.063776,0.090466,0.311763,-0.485640,0.058925,0.656606,-0.587310,0.075593,0.134440
4.835750,0.018793,0.685604,-0.065002,-0.131339,0.006638,0.989182,-0.536293,0.485857,0.091613,1.745668,-0.607251,0.223065,-0.320895,0.037109,-0.310386,0.946575,-0.392093,-0.124629,-0.174295,-0.012355,0.413160,-0.211298,0.392606,-0.546447,0.782233,0.321376,0.046469,0.075878,0.188631,-0.442391,0.150324,0.654467,-0.496726,0.084406,0.116831
4.879317,0.018008,0.687964,-0.061938,-0.132297,-0.024767,0.988963,-0.603284,0.440120,0.131828,1.481482,-0.466321,0.181277,-0.273369,0.066558,-0.270217,0.969211,-0.451653,-0.129878,-0.113401,-0.017298,0.433646,-0.240879,0.384067,-0.543615,0.863002,0.287607,0.036707,0.103233,0.037692,-0.423682,0.278376,0.650352,-0.462978,0.092384,0.103293
4.921560,0.018997,0.691433,-0.059918,-0.131971,-0.052163,0.988065,-0.633880,0.327291,0.086346,1.149551,-0.237476,0.062863,-0.211719,0.088557,-0.226733,0.970837,-0.505524,-0.121603,-0.064675,-0.019487,0.451538,-0.258752,0.380087,-0.545939,0.941533,0.253840,0.036185,0.127744,-0.113790,-0.415809,0.425455,0.653895,-0.452027,0.097027,0.096427
4.957055,0.021205,0.694873,-0.057165,-0.129726,-0.071905,0.987286,-0.636749,0.220701,0.000782,0.818775,-0.022139,-0.028215,-0.144404,0.096154,-0.183790,0.958103,-0.555933,-0.101450,-0.028594,-0.017199,0.462049,-0.261755,0.376064,-0.556594,1.012471,0.212094,0.041681,0.137228,-0.238144,-0.414492,0.547960,0.659811,-0.444468,0.100462,0.099278
4.994004,0.022422,0.697539,-0.053711,-0.125396,-0.085528,0.986953,-0.616870,0.170291,-0.047165,0.551281,0.094713,-0.079998,-0.068607,0.090452,-0.151680,0.930137,-0.608093,-0.077765,-0.005561,-0.012656,0.463260,-0.246502,0.375341,-0.568618,1.072258,0.180258,0.052540,0.124435,-0.333003,-0.411525,0.621049,0.664247,-0.438659,0.107439,0.111059
5.035913,0.023096,0.700070,-0.050819,-0.119816,-0.097729,0.986666,-0.597575,0.167773,-0.033428,0.415245,0.136074,-0.112907,0.014083,0.080317,-0.121855,0.884860,-0.653584,-0.056943,0.013026,-0.004312,0.455635,-0.220327,0.375541,-0.573093,1.111396,0.162319,0.058360,0.100192,-0.394567,-0.406503,0.649978,0.667188,-0.431875,0.117065,0.123615
5.077016,0.023498,0.702656,-0.046485,-0.109738,-0.108476,0.986929,-0.613334,0.182952,0.011082,0.440110,0.124744,-0.103397,0.078480,0.064975,-0.091501,0.834168,-0.681884,-0.034640,0.028799,0.001736,0.439111,-0.189699,0.375076,-0.563195,1.123724,0.152556,0.057876,0.088677,-0.429549,-0.401737,0.647173,0.666825,-0.414100,0.121161,0.123278
5.116942,0.024064,0.705139,-0.042246,-0.097148,-0.119204,0.987202,-0.626080,0.203527,0.056271,0.505332,0.078781,-0.089152,0.134951,0.048094,-0.061968,0.774520,-0.694036,-0.013492,0.042420,0.007873,0.416890,-0.157083,0.372552,-0.542578,1.119872,0.130299,0.057337,0.083574,-0.443746,-0.398653,0.628919,0.664009,-0.383309,0.117770,0.114443
5.157604,0.025111,0.707686,-0.036927,-0.082716,-0.130413,0.987313,-0.633483,0.220772,0.090048,0.576036,0.028614,-0.070059,0.188037,0.024419,-0.035118,0.706146,-0.689592,0.007487,0.057005,0.011507,0.390764,-0.126892,0.367518,-0.520833,1.111360,0.097219,0.055351,0.077951,-0.445049,-0.396980,0.601777,0.663824,-0.328808,0.108908,0.087522
5.198634,0.026282,0.710259,-0.029387,-0.067229,-0.139152,0.987549,-0.621994,0.220775,0.118390,0.615159,-0.000154,-0.062621,0.231852,-0.006790,-0.014156,0.648435,-0.669473,0.025067,0.063683,0.007765,0.361067,-0.099085,0.364952,-0.504929,1.104243,0.066061,0.051263,0.071167,-0.433867,-0.397957,0.573958,0.666443,-0.269534,0.096943,0.060564
5.239963,0.027730,0.713134,-0.019090,-0.051710,-0.144205,0.988011,-0.603424,0.204806,0.144615,0.644039,-0.019125,-0.054933,0.254143,-0.047402,0.000263,0.632706,-0.635362,0.040138,0.061408,-0.005099,0.329950,-0.078471,0.365664,-0.501212,1.102806,0.037943,0.048645,0.060097,-0.408209,-0.400217,0.542570,0.673060,-0.207442,0.084771,0.027852
5.281965,0.029715,0.718014,-0.004384,-0.037667,-0.142522,0.989065,-0.592869,0.170891,0.171938,0.682718,-0.041182,-0.019418,0.235831,-0.098832,0.003227,0.702043,-0.565996,0.051322,0.050043,-0.031974,0.303515,-0.072450,0.370018,-0.510985,1.116237,0.017074,0.045657,0.047695,-0.369943,-0.402412,0.509581,0.690476,-0.150140,0.076577,-0.008893
5.322874,0.030770,0.725772,0.006902,-0.028674,-0.134861,0.990426,-0.571680,0.130957,0.184426,0.720077,-0.098956,0.007839,0.178199,-0.141440,-0.007367,0.853802,-0.424440,0.038509,0.030515,-0.055699,0.292118,-0.086538,0.377866,-0.545167,1.152025,0.008327,0.046216,0.029860,-0.319279,-0.403595,0.478987,0.729328,-0.114988,0.071561,-0.043792
5.363045,0.031685,0.734473,0.014153,-0.024275,-0.127523,0.991437,-0.522289,0.092359,0.194896,0.721847,-0.152776,0.018949,0.083927,-0.193068,-0.041309,1.055587,-0.226524,-0.006555,0.008145,-0.071814,0.288087,-0.115590,0.384875,-0.589430,1.189936,0.009123,0.055713,0.008375,-0.267137,-0.402569,0.467612,0.792440,-0.095399,0.080073,-0.062724
5.400636,0.032729,0.743546,0.022993,-0.023832,-0.120883,0.992114,-0.450379,0.046792,0.209674,0.689154,-0.196772,0.024727,-0.030027,-0.276211,-0.088057,1.256943,-0.092919,-0.075715,-0.016801,-0.089193,0.290049,-0.144804,0.392133,-0.642298,1.210051,0.022265,0.065458,-0.011120,-0.219551,-0.402583,0.482270,0.874712,-0.102886,0.098702,-0.059133
5.434825,0.033615,0.752335,0.031038,-0.026979,-0.114135,0.992614,-0.361921,0.000346,0.218227,0.632919,-0.227899,0.029485,-0.129130,-0.302620,-0.080132,1.392194,-0.114568,-0.083332,-0.044446,-0.103146,0.293209,-0.177350,0.398876,-0.693121,1.210462,0.043202,0.065642,-0.021007,-0.166266,-0.405095,0.511898,0.957763,-0.148734,0.122189,-0.043017
5.467334,0.033796,0.761122,0.033929,-0.032762,-0.108157,0.993014,-0.260309,-0.033390,0.217228,0.564091,-0.252769,0.033941,-0.219752,-0.269059,-0.050708,1.448628,-0.146317,-0.046447,-0.071660,-0.106264,0.296368,-0.207982,0.403322,-0.724891,1.193326,0.062287,0.058286,-0.017658,-0.103679,-0.408226,0.539528,1.031965,-0.216971,0.145560,-0.020830
5.505053,0.031759,0.768391,0.034484,-0.039128,-0.102874,0.993326,-0.149717,-0.059648,0.210232,0.481867,-0.270165,0.036656,-0.301945,-0.236035,-0.040117,1.437342,-0.168973,-0.011196,-0.099233,-0.105133,0.297197,-0.232347,0.405420,-0.735341,1.159321,0.071820,0.049404,-0.005033,-0.034792,-0.411335,0.552882,1.089504,-0.276116,0.164994,0.003034
5.539285,0.029988,0.772964,0.035332,-0.043470,-0.098342,0.993575,-0.039856,-0.083066,0.199945,0.390341,-0.276689,0.039195,-0.378103,-0.228968,-0.053600,1.372992,-0.193124,0.000940,-0.126573,-0.105780,0.293102,-0.251817,0.408441,-0.732750,1.112531,0.071127,0.042401,0.010393,0.036257,-0.413146,0.544933,1.123059,-0.306686,0.176470,0.023990
5.573240,0.027710,0.774380,0.035662,-0.044583,-0.094619,0.993875,0.056882,-0.099178,0.189844,0.307180,-0.281822,0.040812,-0.444252,-0.225244,-0.075811,1.258526,-0.211137,0.002410,-0.151146,-0.107101,0.284990,-0.268410,0.415760,-0.720944,1.060578,0.067047,0.037845,0.026248,0.102039,-0.412006,0.521071,1.136387,-0.309304,0.176840,0.035457
5.607067,0.024356,0.772424,0.035501,-0.042375,-0.090714,0.994341,0.134416,-0.107220,0.182046,0.248930,-0.299118,0.042834,-0.494622,-0.217867,-0.105489,1.085874,-0.214565,0.001919,-0.174171,-0.109409,0.275099,-0.284501,0.428253,-0.704433,1.011177,0.065817,0.034255,0.042704,0.156974,-0.406384,0.490824,1.138898,-0.299368,0.170479,0.034469
5.641677,0.020296,0.767420,0.035579,-0.037159,-0.086028,0.994964,0.190685,-0.109928,0.174100,0.222381,-0.330650,0.044190,-0.524741,-0.211488,-0.146494,0.856708,-0.181714,-0.003981,-0.196150,-0.113699,0.263887,-0.302693,0.443199,-0.687564,0.970867,0.069905,0.030223,0.058671,0.196978,-0.394667,0.462287,1.137911,-0.290147,0.162613,0.026821
5.677898,0.015306,0.760452,0.036943,-0.030238,-0.078606,0.995762,0.230236,-0.111238,0.160874,0.225079,-0.371828,0.040217,-0.529800,-0.197556,-0.176129,0.584874,-0.114677,0.001323,-0.217151,-0.120639,0.251084,-0.324041,0.458902,-0.676973,0.944332,0.075966,0.024950,0.068591,0.223832,-0.376554,0.441429,1.137943,-0.281332,0.154038,0.022008
5.716432,0.008937,0.752515,0.042011,-0.024531,-0.067325,0.996544,0.259574,-0.115983,0.144232,0.250654,-0.410277,0.029247,-0.516378,-0.177436,-0.165563,0.319387,-0.044372,0.031039,-0.236131,-0.134206,0.238257,-0.346597,0.472688,-0.677989,0.930799,0.081623,0.020928,0.074007,0.238104,-0.353361,0.427565,1.142365,-0.278943,0.147572,0.027509
5.755784,0.001765,0.744606,0.047062,-0.021906,-0.054059,0.997187,0.285328,-0.115335,0.123992,0.301555,-0.438958,0.018534,-0.515432,-0.177976,-0.158683,0.201629,-0.029815,0.051317,-0.253333,-0.147271,0.231564,-0.369363,0.480467,-0.683476,0.924300,0.082278,0.021641,0.077063,0.237374,-0.327178,0.423890,1.151423,-0.284129,0.146871,0.041535
5.794741,-0.005776,0.738346,0.039446,-0.016107,-0.049757,0.997852,0.283175,-0.085819,0.113431,0.407559,-0.460359,0.001859,-0.544511,-0.156377,-0.151268,0.261060,-0.034694,0.023771,-0.251540,-0.128919,0.228596,-0.379972,0.480849,-0.689657,0.921902,0.087629,0.020284,0.073405,0.219620,-0.305553,0.430550,1.162000,-0.291889,0.147456,0.053585
5.835804,-0.014185,0.734043,0.019953,-0.009616,-0.052132,0.998395,0.252423,-0.029215,0.106841,0.577487,-0.444813,-0.017578,-0.570652,-0.103687,-0.138979,0.384390,0.020370,-0.003457,-0.232934,-0.081525,0.229486,-0.371474,0.474825,-0.692697,0.922024,0.082729,0.018711,0.065270,0.189809,-0.291573,0.449034,1.170390,-0.297406,0.147006,0.060106
5.877051,-0.022847,0.732762,-0.001804,-0.008514,-0.057289,0.998320,0.197093,0.035492,0.100757,0.806017,-0.343923,-0.040191,-0.570758,-0.055043,-0.144252,0.499904,0.047048,-0.017514,-0.212591,-0.031506,0.236591,-0.347327,0.465962,-0.690382,0.938232,0.067288,0.018880,0.061235,0.147869,-0.285676,0.473140,1.178443,-0.299343,0.144681,0.058164
5.916209,-0.031040,0.735086,-0.020739,-0.011723,-0.065069,0.997596,0.103200,0.095178,0.087393,1.070163,-0.124282,-0.076533,-0.540821,-0.012679,-0.161846,0.584775,-0.027135,-0.044001,-0.186093,0.008693,0.256348,-0.318372,0.450801,-0.692868,0.971980,0.065658,0.023829,0.050233,0.083189,-0.284674,0.503865,1.186358,-0.303345,0.147595,0.053984
5.952058,-0.038735,0.739273,-0.035805,-0.016250,-0.067709,0.996930,-0.030220,0.147320,0.056936,1.321657,0.109999,-0.108872,-0.479716,0.021173,-0.180704,0.607424,-0.098367,-0.054400,-0.163617,0.037402,0.282111,-0.300644,0.435896,-0.713297,1.013346,0.069668,0.035139,0.028258,0.009382,-0.290245,0.534668,1.167020,-0.298751,0.144379,0.037315
5.985816,-0.045203,0.744475,-0.044510,-0.021387,-0.067161,0.996519,-0.158774,0.184804,0.041033,1.492589,0.102067,-0.119193,-0.407592,0.041393,-0.193311,0.606598,-0.158174,-0.059733,-0.140130,0.050434,0.300745,-0.290645,0.428048,-0.746113,1.055242,0.080825,0.039406,0.004872,-0.063067,-0.306248,0.562573,1.119238,-0.282598,0.134124,-0.000616
6.018800,-0.050928,0.750967,-0.045262,-0.028055,-0.065919,0.996403,-0.274219,0.218706,0.056148,1.570632,0.019984,-0.094144,-0.323930,0.048930,-0.191933,0.589914,-0.209014,-0.054822,-0.113011,0.046457,0.316603,-0.279159,0.421747,-0.776730,1.094729,0.093093,0.042141,-0.012517,-0.123658,-0.327483,0.578551,1.056003,-0.266909,0.121674,-0.043134
6.052815,-0.056289,0.757312,-0.044571,-0.035274,-0.065844,0.996210,-0.373170,0.258387,0.090257,1.562955,-0.065944,-0.049863,-0.230587,0.056892,-0.184804,0.551823,-0.246843,-0.044213,-0.081511,0.040720,0.330660,-0.261450,0.416565,-0.797029,1.129143,0.096500,0.047006,-0.028641,-0.173575,-0.351175,0.585429,0.994538,-0.253824,0.111367,-0.071154
6.089622,-0.061263,0.762359,-0.043885,-0.041762,-0.066692,0.995933,-0.451312,0.287892,0.127769,1.469119,-0.133401,-0.012409,-0.131998,0.063985,-0.176871,0.498397,-0.275307,-0.032388,-0.049613,0.037288,0.341275,-0.235888,0.413051,-0.799215,1.155234,0.086606,0.052606,-0.040974,-0.217496,-0.376783,0.589300,0.939970,-0.247304,0.104724,-0.080212
6.125437,-0.064495,0.764936,-0.044082,-0.046325,-0.068193,0.995621,-0.501920,0.295820,0.156474,1.296470,-0.159804,0.001195,-0.035931,0.070150,-0.170947,0.441571,-0.299421,-0.019447,-0.019503,0.038167,0.347675,-0.204932,0.411405,-0.783432,1.172433,0.067795,0.056306,-0.044571,-0.256236,-0.403578,0.592573,0.893077,-0.246946,0.099537,-0.078910
6.164800,-0.069918,0.764453,-0.047487,-0.048161,-0.071061,0.995176,-0.526042,0.281733,0.161324,1.050372,-0.149410,-0.019127,0.054429,0.080743,-0.166611,0.386962,-0.321933,-0.007631,0.009916,0.047800,0.346852,-0.168997,0.411255,-0.757571,1.181729,0.050630,0.056478,-0.039910,-0.292326,-0.431680,0.596430,0.854384,-0.250733,0.094542,-0.076412
6.203643,-0.071896,0.760584,-0.053043,-0.047348,-0.076261,0.994550,-0.520423,0.258649,0.148436,0.738525,-0.112912,-0.046111,0.136993,0.094701,-0.156508,0.339705,-0.351051,0.000960,0.037663,0.063445,0.337969,-0.129423,0.413736,-0.731681,1.185802,0.039236,0.055202,-0.031860,-0.326965,-0.458771,0.603009,0.824284,-0.252273,0.088206,-0.075152
6.241859,-0.073197,0.753332,-0.060180,-0.045800,-0.085349,0.993477,-0.479787,0.240516,0.132912,0.387233,-0.077762,-0.072835,0.207262,0.109348,-0.136186,0.316016,-0.392487,0.005308,0.064271,0.083035,0.325248,-0.088287,0.417876,-0.704365,1.187762,0.031753,0.055034,-0.024308,-0.355660,-0.481795,0.610945,0.800402,-0.249353,0.079996,-0.073608
6.280360,-0.074205,0.743954,-0.067685,-0.045324,-0.097654,0.991881,-0.443990,0.242436,0.128216,0.132811,-0.059173,-0.098762,0.266157,0.117083,-0.116671,0.317407,-0.433241,0.013335,0.090648,0.102849,0.314799,-0.052075,0.421463,-0.675103,1.191045,0.027083,0.055078,-0.022821,-0.376710,-0.499542,0.607266,0.783378,-0.246227,0.076830,-0.076020
6.318098,-0.074657,0.734824,-0.068693,-0.041844,-0.103224,0.991401,-0.463396,0.241393,0.130849,0.120822,-0.078345,-0.095757,0.307844,0.103869,-0.108076,0.352089,-0.469407,0.020571,0.099724,0.106411,0.303591,-0.018394,0.421942,-0.647770,1.200921,0.013880,0.058091,-0.023379,-0.381729,-0.509112,0.588959,0.766463,-0.233361,0.071673,-0.084256
6.356807,-0.074265,0.728985,-0.050904,-0.029814,-0.096150,0.993617,-0.506860,0.196825,0.147757,0.237318,-0.021725,-0.048686,0.303604,0.050741,-0.110266,0.434047,-0.504172,0.041406,0.089314,0.065800,0.281012,0.000131,0.420957,-0.617973,1.212772,0.004666,0.067051,-0.027361,-0.367924,-0.507761,0.553138,0.745487,-0.210671,0.068871,-0.092136
6.398969,-0.073896,0.725884,-0.029610,-0.022161,-0.090152,0.995241,-0.583133,0.146776,0.132480,0.448630,0.045913,0.001724,0.277330,-0.018744,-0.113187,0.584526,-0.492524,0.055307,0.082683,0.018442,0.262762,0.015301,0.416846,-0.605916,1.230155,-0.006389,0.072062,-0.036119,-0.331410,-0.496443,0.515704,0.743409,-0.186240,0.064815,-0.102600
6.442330,-0.072563,0.727368,-0.010671,-0.024409,-0.085284,0.996001,-0.591349,0.110777,0.150205,0.585851,0.025246,0.030368,0.216582,-0.086430,-0.105766,0.814676,-0.377176,0.053385,0.074549,-0.021871,0.258531,0.014767,0.406620,-0.598550,1.250356,-0.017339,0.075580,-0.044047,-0.290010,-0.477088,0.489076,0.769782,-0.171140,0.066787,-0.111771
6.483449,-0.070714,0.731854,0.005975,-0.028387,-0.082091,0.996203,-0.553486,0.070714,0.175578,0.648504,-0.042543,0.051570,0.106644,-0.153431,-0.085852,1.076829,-0.160258,0.038584,0.063744,-0.052737,0.258354,-0.006917,0.391266,-0.597530,1.263367,-0.025247,0.083445,-0.048428,-0.255755,-0.455522,0.485476,0.822651,-0.169060,0.072950,-0.102503
6.521207,-0.068719,0.738111,0.018145,-0.031796,-0.082076,0.995953,-0.496021,0.035897,0.198254,0.666018,-0.105873,0.062509,-0.026698,-0.227740,-0.080653,1.304940,0.043440,0.009409,0.051542,-0.071819,0.259567,-0.035334,0.375060,-0.601662,1.255029,-0.019089,0.088987,-0.051325,-0.232595,-0.435180,0.505494,0.886000,-0.174307,0.086404,-0.078913
6.556685,-0.067353,0.744478,0.027107,-0.035093,-0.079563,0.995843,-0.430305,0.000913,0.209660,0.658997,-0.159771,0.069871,-0.133393,-0.302329,-0.098607,1.455958,0.010089,-0.032532,0.030666,-0.084710,0.262224,-0.070558,0.363365,-0.613292,1.233051,-0.007213,0.085397,-0.040589,-0.208323,-0.422347,0.535946,0.940886,-0.192006,0.100154,-0.058269
6.591150,-0.067006,0.751386,0.031783,-0.040560,-0.074374,0.995898,-0.352742,-0.028984,0.210046,0.635630,-0.204705,0.075834,-0.223727,-0.339373,-0.110710,1.527623,-0.075710,-0.055664,0.004828,-0.090029,0.268781,-0.114671,0.354954,-0.626224,1.200954,0.006814,0.076409,-0.018586,-0.174453,-0.413781,0.559558,0.982968,-0.209787,0.107092,-0.044151
6.624409,-0.068037,0.757800,0.033629,-0.047489,-0.067693,0.996008,-0.267491,-0.053062,0.203433,0.601602,-0.243378,0.077639,-0.299179,-0.344865,-0.124919,1.523756,-0.148006,-0.057032,-0.021632,-0.090974,0.276939,-0.163592,0.349845,-0.643350,1.160854,0.020953,0.068137,0.001765,-0.132786,-0.408026,0.572588,1.014800,-0.221255,0.108705,-0.035593
6.656563,-0.070213,0.762628,0.034901,-0.053890,-0.060148,0.996122,-0.181263,-0.073005,0.192515,0.561989,-0.275440,0.075947,-0.360714,-0.339701,-0.147939,1.453633,-0.201094,-0.043970,-0.046989,-0.092339,0.284203,-0.214081,0.350971,-0.666246,1.112249,0.039478,0.064236,0.011526,-0.087506,-0.403844,0.571574,1.036799,-0.227522,0.108881,-0.030621
6.688083,-0.073015,0.765271,0.035975,-0.057918,-0.052621,0.996284,-0.102107,-0.087315,0.179714,0.524478,-0.303068,0.072408,-0.410041,-0.334112,-0.180806,1.327611,-0.232610,-0.032428,-0.069754,-0.095422,0.288730,-0.261945,0.360576,-0.690310,1.056944,0.061325,0.065039,0.012656,-0.041224,-0.399163,0.557628,1.051359,-0.227737,0.108291,-0.027580
6.718427,-0.076293,0.765690,0.036941,-0.058881,-0.045565,0.996540,-0.033392,-0.095211,0.168619,0.494999,-0.333229,0.068464,-0.446360,-0.323542,-0.217347,1.148649,-0.244292,-0.020739,-0.090220,-0.100355,0.289611,-0.304960,0.377455,-0.708299,1.001352,0.082759,0.067535,0.012151,0.002950,-0.393471,0.538772,1.063511,-0.224483,0.107308,-0.027649
6.748845,-0.080439,0.764133,0.038148,-0.056776,-0.039183,0.996888,0.025641,-0.098089,0.159980,0.473359,-0.366703,0.064134,-0.466817,-0.306545,-0.251120,0.917874,-0.219726,-0.011138,-0.109331,-0.107098,0.286011,-0.341066,0.396604,-0.715248,0.952544,0.099196,0.068512,0.015278,0.042246,-0.386375,0.521405,1.076792,-0.222873,0.106656,-0.029903
6.781640,-0.085794,0.760952,0.040732,-0.052588,-0.031975,0.997273,0.078662,-0.100918,0.149332,0.457781,-0.400258,0.057873,-0.469752,-0.280461,-0.263426,0.646883,-0.167443,0.000300,-0.128308,-0.116689,0.276136,-0.369251,0.414019,-0.714143,0.916719,0.106085,0.065815,0.020130,0.077815,-0.377085,0.504818,1.090255,-0.226134,0.106081,-0.030070
6.817660,-0.092402,0.755978,0.045776,-0.048168,-0.021726,0.997553,0.129909,-0.105475,0.133701,0.448002,-0.431866,0.049065,-0.458280,-0.249960,-0.238225,0.371015,-0.117512,0.028652,-0.149120,-0.130531,0.261473,-0.386958,0.428068,-0.709708,0.895479,0.104123,0.060679,0.023986,0.110587,-0.366636,0.487548,1.104326,-0.229848,0.105889,-0.023256
6.855585,-0.100009,0.749132,0.053908,-0.046481,-0.007692,0.997434,0.179233,-0.112543,0.116740,0.450284,-0.455618,0.037319,-0.438204,-0.240457,-0.208282,0.160425,-0.074606,0.075481,-0.174338,-0.150894,0.247114,-0.396659,0.438103,-0.704270,0.886480,0.097976,0.054797,0.032496,0.135771,-0.352904,0.470919,1.122579,-0.230994,0.107236,-0.010679
6.893599,-0.107940,0.742550,0.056200,-0.045247,0.005070,0.997381,0.216642,-0.102543,0.099524,0.482397,-0.475353,0.026973,-0.445369,-0.241724,-0.191961,0.131553,-0.093138,0.100207,-0.194528,-0.157718,0.235054,-0.401181,0.441715,-0.701573,0.887258,0.089530,0.049821,0.039230,0.155608,-0.339982,0.454671,1.141855,-0.228773,0.109659,-0.000313
6.931271,-0.116150,0.737726,0.041922,-0.039011,0.007053,0.998334,0.221537,-0.056048,0.091515,0.560073,-0.490971,0.012768,-0.473626,-0.199406,-0.173135,0.217145,-0.085463,0.063679,-0.196041,-0.124640,0.223487,-0.393361,0.440874,-0.696620,0.894359,0.078714,0.047027,0.042549,0.161454,-0.330993,0.441074,1.163522,-0.224997,0.111622,0.001164
6.970636,-0.125218,0.734487,0.022440,-0.032963,0.005943,0.999187,0.215795,0.005582,0.084744,0.670979,-0.471479,0.005439,-0.520054,-0.150629,-0.150083,0.380641,-0.045458,0.028444,-0.191665,-0.077502,0.213008,-0.370489,0.434892,-0.688689,0.910600,0.066604,0.044801,0.044523,0.156185,-0.325422,0.435453,1.188999,-0.218047,0.112839,-0.001150
7.010678,-0.134678,0.732570,0.001233,-0.031255,0.002731,0.999507,0.188642,0.074539,0.079213,0.833041,-0.399913,0.005613,-0.529372,-0.101375,-0.154842,0.494487,-0.003924,0.013270,-0.183734,-0.028626,0.208628,-0.332859,0.424766,-0.682192,0.944118,0.051178,0.045680,0.046656,0.140944,-0.324377,0.434956,1.214693,-0.216663,0.115534,-0.001741
7.048923,-0.144032,0.732890,-0.022030,-0.033268,-0.001578,0.999202,0.128119,0.157720,0.075138,1.044786,-0.252520,-0.003864,-0.501649,-0.041488,-0.171328,0.555421,-0.001888,0.001569,-0.173835,0.021333,0.212037,-0.288965,0.416006,-0.681666,0.992083,0.046084,0.055034,0.041114,0.112717,-0.325084,0.436361,1.229896,-0.215455,0.120502,-0.001304
7.087600,-0.152325,0.734982,-0.039691,-0.038558,-0.005159,0.998454,0.031511,0.238508,0.062866,1.273514,-0.038505,0.004219,-0.456018,0.004426,-0.195440,0.602645,-0.074924,-0.022117,-0.159349,0.056264,0.228655,-0.255985,0.404424,-0.698571,1.041263,0.061943,0.070347,0.021092,0.071130,-0.326665,0.449640,1.232028,-0.214689,0.126554,-0.002542
7.122095,-0.159717,0.737850,-0.053529,-0.045297,-0.006390,0.997518,-0.079386,0.303277,0.042076,1.458923,0.056381,0.018307,-0.390117,0.043636,-0.217107,0.611615,-0.138402,-0.033905,-0.141402,0.081915,0.248302,-0.231006,0.398572,-0.724353,1.077839,0.076784,0.078426,0.001495,0.021976,-0.332907,0.470937,1.219115,-0.212154,0.127061,-0.009976
7.155541,-0.165164,0.742677,-0.058954,-0.051804,-0.008075,0.996883,-0.182075,0.310968,0.020872,1.567566,-0.012860,0.011389,-0.315155,0.069051,-0.222644,0.601791,-0.190288,-0.040691,-0.115896,0.090308,0.262420,-0.206938,0.395249,-0.739772,1.103331,0.077464,0.074925,-0.005095,-0.029369,-0.340314,0.489562,1.197715,-0.211675,0.125691,-0.028555
7.188132,-0.169883,0.748323,-0.058535,-0.059044,-0.009964,0.996488,-0.274030,0.302432,0.022507,1.605942,-0.100650,0.014306,-0.230782,0.084524,-0.216040,0.577830,-0.233853,-0.038130,-0.085256,0.087694,0.275809,-0.182342,0.389609,-0.744435,1.126033,0.062296,0.068461,-0.006718,-0.077393,-0.346682,0.496961,1.168084,-0.209943,0.123570,-0.047308
7.220734,-0.174265,0.753690,-0.056419,-0.066292,-0.012676,0.996123,-0.352382,0.291829,0.040097,1.572929,-0.171378,0.017636,-0.141212,0.095999,-0.205260,0.538483,-0.265831,-0.029434,-0.051542,0.083896,0.288128,-0.157526,0.383698,-0.742282,1.145900,0.039776,0.062150,-0.011733,-0.121663,-0.354979,0.500128,1.132740,-0.207237,0.118096,-0.058243
7.253335,-0.178525,0.757757,-0.054092,-0.071478,-0.015800,0.995849,-0.417184,0.286898,0.071093,1.469733,-0.210394,0.022645,-0.053371,0.103909,-0.195127,0.490731,-0.290565,-0.017601,-0.019041,0.082169,0.296907,-0.133313,0.379088,-0.734657,1.161326,0.017003,0.057532,-0.021332,-0.164399,-0.367636,0.507035,1.093332,-0.206301,0.109371,-0.058683
7.284434,-0.182266,0.759634,-0.053061,-0.073939,-0.019058,0.995668,-0.462473,0.285012,0.106552,1.308125,-0.221927,0.025288,0.027453,0.110872,-0.188499,0.443286,-0.312409,-0.005335,0.010746,0.084496,0.302075,-0.110585,0.375428,-0.721380,1.172673,-0.003675,0.052082,-0.030172,-0.205424,-0.385705,0.519044,1.053318,-0.207822,0.099795,-0.053477
7.314165,-0.184855,0.759240,-0.054280,-0.073581,-0.022654,0.995553,-0.489121,0.273506,0.131112,1.084903,-0.210192,0.013901,0.099837,0.119786,-0.183226,0.403267,-0.334221,0.005059,0.038022,0.091847,0.302588,-0.088243,0.372470,-0.703963,1.180262,-0.020521,0.046007,-0.033702,-0.246081,-0.408838,0.535394,1.013456,-0.210610,0.089942,-0.048317
7.344911,-0.186362,0.756720,-0.057321,-0.070400,-0.026857,0.995508,-0.490390,0.245984,0.134835,0.791633,-0.164180,-0.010962,0.163685,0.130672,-0.175012,0.372326,-0.359302,0.010782,0.060764,0.101943,0.296917,-0.064743,0.371826,-0.688673,1.185921,-0.031375,0.040967,-0.033185,-0.286054,-0.432528,0.556643,0.974395,-0.211023,0.080467,-0.044094
7.379735,-0.187310,0.751463,-0.061419,-0.066352,-0.033213,0.995350,-0.454619,0.214700,0.133183,0.441933,-0.111583,-0.045232,0.218753,0.141972,-0.159824,0.357562,-0.392335,0.012363,0.079992,0.112318,0.288394,-0.038681,0.373753,-0.676581,1.189719,-0.032325,0.041181,-0.031703,-0.321528,-0.452035,0.579829,0.940130,-0.208032,0.070599,-0.039829
7.419369,-0.188414,0.744338,-0.068784,-0.064222,-0.044537,0.994566,-0.399237,0.208046,0.142469,0.131829,-0.069348,-0.097019,0.266105,0.155366,-0.142223,0.356477,-0.422965,0.014861,0.100140,0.128829,0.281220,-0.020128,0.376816,-0.668167,1.194622,-0.026200,0.041889,-0.037694,-0.347443,-0.467696,0.590597,0.911019,-0.205216,0.065448,-0.037420
7.459760,-0.188646,0.737148,-0.071862,-0.062551,-0.052330,0.994075,-0.419252,0.204312,0.135743,0.114328,-0.086103,-0.110064,0.306638,0.152533,-0.128448,0.384193,-0.446679,0.017019,0.110389,0.135083,0.278221,-0.000990,0.376998,-0.670025,1.205778,-0.020172,0.044634,-0.048797,-0.359588,-0.479687,0.588843,0.878126,-0.194624,0.059592,-0.036957
7.495838,-0.187709,0.732301,-0.060909,-0.057359,-0.049761,0.995251,-0.411596,0.170969,0.160913,0.163506,-0.016598,-0.112310,0.312847,0.116712,-0.130100,0.458893,-0.472210,0.027086,0.102964,0.107325,0.272521,0.005134,0.378158,-0.672898,1.214466,-0.015642,0.049466,-0.058757,-0.351025,-0.485330,0.574735,0.836047,-0.185374,0.051544,-0.047057
7.530898,-0.185866,0.731500,-0.040216,-0.053614,-0.049230,0.996536,-0.465403,0.131304,0.165762,0.360993,0.058889,-0.083978,0.295304,0.052729,-0.125910,0.594153,-0.449211,0.040583,0.100442,0.059523,0.269105,0.013019,0.374851,-0.669539,1.217329,-0.014769,0.054966,-0.063715,-0.322416,-0.482238,0.553636,0.808274,-0.176185,0.044164,-0.061014
